season,model,n,mae,rmse,bias,correlation,median_ae,tails100,under100,over100
2024,base,477,61.02739797263586,78.01815796555081,-13.76776015154558,0.1963688250499178,50.56912436576411,86,60,26
2024,football_synthesis,477,60.45880261973951,76.95116795902763,-0.8789657103767627,0.2303150714646694,52.422917373621345,84,45,39
2024,market_assisted,477,59.05357030030552,75.6894200814276,1.2539814071954023,0.2719187157330567,48.70986564895449,81,41,40
2025,base,473,61.2745945561213,77.9278066454963,-6.278017430022837,0.1977981070322629,52.57636774293189,82,47,35
2025,football_synthesis,473,59.08315292866151,76.0789936012818,6.004540668981132,0.2918331545308121,49.01171833210424,77,34,43
2025,market_assisted,473,58.30882681067547,75.65623979804425,6.436743868480918,0.3131803523343541,47.75968294272326,75,33,42
COMBINED,base,950,61.1504758505186,77.9731856054063,-10.038656670197941,0.1974490967467052,51.45588872402594,168,107,61
COMBINED,football_synthesis,950,59.77387387881331,76.51815958420292,2.54829588692459,0.2603715613297445,51.50676207798621,161,79,82
COMBINED,market_assisted,950,58.6827664365213,75.67290161150099,3.8344515589722956,0.29459335369628054,48.11375325161592,156,74,82
