season,week,url,published_at_utc
2024,1,https://www.fantasyalarm.com/articles/nfl/wide-receivers/2024-fantasy-football-wr-cb-matchup-report-week-1-drake-london-looks-to-take-off/163226,2024-09-06T23:59:46Z
2024,2,https://www.fantasyalarm.com/articles/nfl/wide-receivers/2024-fantasy-football-wr-cb-matchup-report-week-2/163609,2024-09-13T22:09:38Z
2024,3,https://www.fantasyalarm.com/articles/nfl/wide-receivers/2024-fantasy-football-wr-cb-matchup-report-week-3/164006,2024-09-21T11:08:20Z
2024,4,https://www.fantasyalarm.com/articles/nfl/wide-receivers/2024-fantasy-football-wr-cb-matchup-report-week-4/164339,2024-09-29T12:09:57Z
2024,5,https://www.fantasyalarm.com/articles/nfl/wide-receivers/2024-fantasy-football-wr-cb-matchup-report-week-5-amari-cooper-set-for-big-week/164654,2024-10-06T10:58:45Z
2024,6,https://www.fantasyalarm.com/articles/nfl/wide-receivers/2024-fantasy-football-wr-cb-matchup-report-week-6/165200,2024-10-13T14:00:37Z
2024,7,https://www.fantasyalarm.com/articles/nfl/wide-receivers/2024-fantasy-football-wr-cb-matchup-report-week-7/165421,2024-10-20T10:54:02Z
2024,8,https://www.fantasyalarm.com/articles/nfl/wide-receivers/2024-fantasy-football-wr-cb-matchup-report-week-8/165953,2024-10-27T10:20:29Z
2024,9,https://www.fantasyalarm.com/articles/nfl/wide-receivers/2024-fantasy-football-wr-cb-matchup-report-week-9/166343,2024-11-03T15:22:38Z
2024,10,https://www.fantasyalarm.com/articles/nfl/wide-receivers/2024-fantasy-football-wr-vs-cb-matchup-report-week-10-target-dolphins-vs-rams/166679,2024-11-09T14:47:38Z
2024,11,https://www.fantasyalarm.com/articles/nfl/wide-receivers/2024-fantasy-football-wr-cb-matchup-report-week-11/167086,2024-11-17T04:51:07Z
2024,12,https://www.fantasyalarm.com/articles/nfl/wide-receivers/2024-fantasy-football-wr-cb-matchup-report-week-12/167416,2024-11-23T15:38:33Z
2024,13,https://www.fantasyalarm.com/articles/nfl/wide-receivers/2024-fantasy-football-wr-cb-matchup-report-week-13/167800,2024-11-30T18:03:26Z
2024,14,https://www.fantasyalarm.com/articles/nfl/wide-receivers/2024-fantasy-football-wr-cb-matchup-report-week-14/168152,2024-12-07T22:46:00Z
2024,15,https://www.fantasyalarm.com/articles/nfl/wide-receivers/2024-fantasy-football-wr-cb-matchup-report-week-15/168521,2024-12-15T05:39:37Z
2024,16,https://www.fantasyalarm.com/articles/nfl/wide-receivers/2024-fantasy-football-wr-cb-matchup-report-week-16/168892,2024-12-22T00:43:52Z
2024,18,https://www.fantasyalarm.com/articles/nfl/wide-receivers/2024-fantasy-football-wr-vs-cb-matchup-report-week-18-saturday-games/169438,2025-01-04T18:48:48Z
