season,week,wr_team,wr_gsis_id,opponent,cb_gsis_id,alignment_bucket
2025,14,ARI,00-0039849,LAR,00-0039151,LWR_VS_RCB
2025,14,ARI,00-0038559,LAR,00-0034203,RWR_VS_LCB
2025,14,ARI,00-0035500,LAR,00-0037839,SWR_VS_SCB
2025,14,ATL,00-0035359,SEA,00-0037079,LWR_VS_RCB
2025,14,ATL,00-0037238,SEA,00-0037137,RWR_VS_LCB
2025,14,ATL,00-0036309,SEA,00-0039169,SWR_VS_SCB
2025,14,BUF,00-0036196,CIN,00-0039375,RWR_VS_LCB
2025,14,BUF,00-0037261,CIN,00-0037743,SWR_VS_SCB
2025,14,CHI,00-0034827,GB,00-0038408,LWR_VS_RCB
2025,14,CHI,00-0039919,GB,00-0035133,RWR_VS_LCB
2025,14,CHI,00-0040735,GB,00-0039867,SWR_VS_SCB
2025,14,CIN,00-0036900,BUF,00-0037288,LWR_VS_RCB
2025,14,CLE,00-0038979,TEN,00-0040201,RWR_VS_LCB
2025,14,DEN,00-0039868,LV,00-0036901,RWR_VS_LCB
2025,14,GB,00-0037816,CHI,00-0036986,LWR_VS_RCB
2025,14,GB,00-0038124,CHI,00-0036292,RWR_VS_LCB
2025,14,HOU,00-0036554,KC,00-0037191,LWR_VS_RCB
2025,14,HOU,00-0040130,KC,00-0037195,RWR_VS_LCB
2025,14,KC,00-0039067,HOU,00-0039343,LWR_VS_RCB
2025,14,LAC,00-0038544,PHI,00-0033878,LWR_VS_RCB
2025,14,LAC,00-0030279,PHI,00-0039888,RWR_VS_LCB
2025,14,LAC,00-0039915,PHI,00-0039841,SWR_VS_SCB
2025,14,LAR,00-0031381,ARI,00-0040751,LWR_VS_RCB
2025,14,LAR,00-0039075,ARI,00-0040195,RWR_VS_LCB
2025,14,LV,00-0038563,DEN,00-0038552,RWR_VS_LCB
2025,14,MIA,00-0036613,NYJ,00-0040133,LWR_VS_RCB
2025,14,MIN,00-0036322,WAS,00-0039898,LWR_VS_RCB
2025,14,MIN,00-0038994,WAS,00-0032580,RWR_VS_LCB
2025,14,NO,00-0039623,TB,00-0035699,LWR_VS_RCB
2025,14,NO,00-0039424,TB,00-0037268,RWR_VS_LCB
2025,14,NO,00-0037239,TB,00-0040143,SWR_VS_SCB
2025,14,NYJ,00-0039890,MIA,00-0033551,LWR_VS_RCB
2025,14,NYJ,00-0037614,MIA,00-0038039,RWR_VS_LCB
2025,14,PHI,00-0037741,LAC,00-0034356,LWR_VS_RCB
2025,14,PHI,00-0035676,LAC,00-0039369,RWR_VS_LCB
2025,14,PHI,00-0036912,LAC,00-0039366,SWR_VS_SCB
2025,14,PIT,00-0035640,BAL,00-0033548,LWR_VS_RCB
2025,14,PIT,00-0039739,BAL,00-0039232,RWR_VS_LCB
2025,14,SEA,00-0037545,ATL,00-0036285,RWR_VS_LCB
2025,14,TB,00-0040129,NO,00-0040166,LWR_VS_RCB
2025,14,TB,00-0040237,NO,00-0039860,RWR_VS_LCB
2025,14,TB,00-0033921,NO,00-0038121,SWR_VS_SCB
2025,14,TEN,00-0040170,CLE,00-0036974,LWR_VS_RCB
2025,14,TEN,00-0036415,CLE,00-0034856,RWR_VS_LCB
2025,14,WAS,00-0035659,MIN,00-0036222,LWR_VS_RCB
2025,14,WAS,00-0037742,MIN,00-0035236,RWR_VS_LCB
2025,14,WAS,00-0035719,MIN,00-0036348,SWR_VS_SCB
