season,week,url
2021,5,https://www.fantasyalarm.com/articles/nfl/wide-receivers/wrcb-matchup-report-week-5/114736
2021,11,https://www.fantasyalarm.com/articles/nfl/wide-receivers/wrcb-matchup-report-week-11/117111
2022,2,https://www.fantasyalarm.com/articles/nfl/wide-receivers/2022-fantasy-football-wr-cb-match-up-report-week-2/133561
2022,3,https://www.fantasyalarm.com/articles/nfl/wide-receivers/2022-fantasy-football-wr-cb-match-up-report-week-3/133981
2022,4,https://www.fantasyalarm.com/articles/nfl/wide-receivers/2022-fantasy-football-wr-cb-match-up-report-week-4/134451
2022,5,https://www.fantasyalarm.com/articles/nfl/wide-receivers/2022-fantasy-football-wr-cb-match-up-report-week-5-tyreek-hill-to-burn-the-jets-in-week-5/134887
2022,6,https://www.fantasyalarm.com/articles/nfl/wide-receivers/2022-fantasy-football-wr-cb-match-up-report-week-6/135226
2022,7,https://www.fantasyalarm.com/articles/nfl/wide-receivers/2022-fantasy-football-wr-cb-match-up-report-week-7/135627
2022,8,https://www.fantasyalarm.com/articles/nfl/wide-receivers/2022-fantasy-football-wr-cb-match-up-report-week-8/136112
2022,9,https://www.fantasyalarm.com/articles/nfl/wide-receivers/2022-fantasy-football-wr-cb-match-up-report-week-9/136606
2022,11,https://www.fantasyalarm.com/articles/nfl/wide-receivers/2022-fantasy-football-wr-cb-match-up-report-week-11/137477
2022,12,https://www.fantasyalarm.com/articles/nfl/wide-receivers/2022-fantasy-football-wr-cb-match-up-report-week-12/137852
2022,13,https://www.fantasyalarm.com/articles/nfl/wide-receivers/2022-fantasy-football-wr-cb-match-up-report-week-13/138236
2022,16,https://www.fantasyalarm.com/articles/nfl/wide-receivers/2022-fantasy-football-wr-cb-match-up-report-week-16/139572
2022,17,https://www.fantasyalarm.com/articles/nfl/wide-receivers/2022-fantasy-football-wr-cb-match-up-report-week-17/139922
2022,18,https://www.fantasyalarm.com/articles/nfl/wide-receivers/2022-fantasy-football-wr-cb-match-up-report-week-18/140302
2023,2,https://www.fantasyalarm.com/articles/nfl/wide-receivers/2023-fantasy-football-wrcb-match-up-report-week-2/151301
2023,3,https://www.fantasyalarm.com/articles/nfl/wide-receivers/2023-fantasy-football-wrcb-match-up-report-week-3/151595
2023,4,https://www.fantasyalarm.com/articles/nfl/wide-receivers/2023-fantasy-football-wrcb-match-up-report-week-4/151871
2023,5,https://www.fantasyalarm.com/articles/nfl/wide-receivers/2023-fantasy-football-wrcb-match-up-report-week-5-big-game-for-jamarr-chase/152085
2023,6,https://www.fantasyalarm.com/articles/nfl/wide-receivers/2023-fantasy-football-wrcb-match-up-report-week-6/152375
2023,7,https://www.fantasyalarm.com/articles/nfl/wide-receivers/2023-fantasy-football-wrcb-match-up-report-week-7/152617
2023,8,https://www.fantasyalarm.com/articles/nfl/wide-receivers/2023-fantasy-football-wrcb-match-up-report-week-8/152857
2023,9,https://www.fantasyalarm.com/articles/nfl/wide-receivers/2023-fantasy-football-wrcb-match-up-report-week-9/153173
2023,10,https://www.fantasyalarm.com/articles/nfl/wide-receivers/2023-fantasy-football-wrcb-match-up-report-week-10-michael-pittman-jr-will-shine-in-germany-game/153483
2023,11,https://www.fantasyalarm.com/articles/nfl/wide-receivers/2023-fantasy-football-wrcb-match-up-report-week-11/153869
2023,12,https://www.fantasyalarm.com/articles/nfl/wide-receivers/2023-fantasy-football-wrcb-match-up-report-week-12/154223
2023,13,https://www.fantasyalarm.com/articles/nfl/wide-receivers/2023-fantasy-football-wrcb-match-up-report-week-13/154555
2023,14,https://www.fantasyalarm.com/articles/nfl/wide-receivers/2023-fantasy-football-wrcb-match-up-report-week-14/154931
2023,15,https://www.fantasyalarm.com/articles/nfl/wide-receivers/2023-fantasy-football-wrcb-match-up-report-week-15/155277
2023,16,https://www.fantasyalarm.com/articles/nfl/wide-receivers/2023-fantasy-football-wrcb-match-up-report-week-16/155583
2023,17,https://www.fantasyalarm.com/articles/nfl/wide-receivers/2023-fantasy-football-wrcb-match-up-report-week-17/155871
2023,18,https://www.fantasyalarm.com/articles/nfl/wide-receivers/2023-fantasy-football-wrcb-match-up-report-week-18/156197
2024,1,https://www.fantasyalarm.com/articles/nfl/wide-receivers/2024-fantasy-football-wr-cb-matchup-report-week-1-drake-london-looks-to-take-off/163226
2024,2,https://www.fantasyalarm.com/articles/nfl/wide-receivers/2024-fantasy-football-wr-cb-matchup-report-week-2/163609
2024,3,https://www.fantasyalarm.com/articles/nfl/wide-receivers/2024-fantasy-football-wr-cb-matchup-report-week-3/164006
2024,4,https://www.fantasyalarm.com/articles/nfl/wide-receivers/2024-fantasy-football-wr-cb-matchup-report-week-4/164339
2024,5,https://www.fantasyalarm.com/articles/nfl/wide-receivers/2024-fantasy-football-wr-cb-matchup-report-week-5-amari-cooper-set-for-big-week/164654
2024,6,https://www.fantasyalarm.com/articles/nfl/wide-receivers/2024-fantasy-football-wr-cb-matchup-report-week-6/165200
2024,7,https://www.fantasyalarm.com/articles/nfl/wide-receivers/2024-fantasy-football-wr-cb-matchup-report-week-7/165421
2024,8,https://www.fantasyalarm.com/articles/nfl/wide-receivers/2024-fantasy-football-wr-cb-matchup-report-week-8/165953
2024,9,https://www.fantasyalarm.com/articles/nfl/wide-receivers/2024-fantasy-football-wr-cb-matchup-report-week-9/166343
2024,10,https://www.fantasyalarm.com/articles/nfl/wide-receivers/2024-fantasy-football-wr-vs-cb-matchup-report-week-10-target-dolphins-vs-rams/166679
2024,11,https://www.fantasyalarm.com/articles/nfl/wide-receivers/2024-fantasy-football-wr-cb-matchup-report-week-11/167086
2024,12,https://www.fantasyalarm.com/articles/nfl/wide-receivers/2024-fantasy-football-wr-cb-matchup-report-week-12/167416
2024,13,https://www.fantasyalarm.com/articles/nfl/wide-receivers/2024-fantasy-football-wr-cb-matchup-report-week-13/167800
2024,14,https://www.fantasyalarm.com/articles/nfl/wide-receivers/2024-fantasy-football-wr-cb-matchup-report-week-14/168152
2024,15,https://www.fantasyalarm.com/articles/nfl/wide-receivers/2024-fantasy-football-wr-cb-matchup-report-week-15/168521
2024,16,https://www.fantasyalarm.com/articles/nfl/wide-receivers/2024-fantasy-football-wr-cb-matchup-report-week-16/168892
2024,18,https://www.fantasyalarm.com/articles/nfl/wide-receivers/2024-fantasy-football-wr-vs-cb-matchup-report-week-18-saturday-games/169438
2025,1,https://www.fantasyalarm.com/articles/nfl/wide-receivers/fantasy-football-week-1-wr-cb-matchup-report-nico-collins-jamarr-chase/179170
2025,2,https://www.fantasyalarm.com/articles/nfl/wide-receivers/fantasy-football-week-two-wr-cb-matchup-report-zay-flowers/179515
2025,3,https://www.fantasyalarm.com/articles/nfl/wide-receivers/fantasy-football-week-3-wr-cb-matchup-report-ceedee-lamb/179927
2025,4,https://www.fantasyalarm.com/articles/nfl/wide-receivers/fantasy-football-wr-cb-matchup-report-week-4-2025/180232
2025,5,https://www.fantasyalarm.com/articles/nfl/wide-receivers/fantasy-football-wr-cb-matchup-report-week-5-2025/180596
2025,6,https://www.fantasyalarm.com/articles/nfl/wide-receivers/fantasy-football-wr-cb-matchup-report-week-6-marvin-harrison-jr-jakobi-meyers/180906
2025,7,https://www.fantasyalarm.com/articles/nfl/wide-receivers/2025-fantasy-football-wrcb-matchup-report-week-7-jaylen-waddle-chris-olave/181238
2025,8,https://www.fantasyalarm.com/articles/nfl/wide-receivers/2025-fantasy-football-wrcb-matchup-report-week-8-courtland-sutton-tee-higgins/181551
2025,9,https://www.fantasyalarm.com/articles/nfl/wide-receivers/2025-fantasy-football-wr-cb-matchup-report-week-9-travis-hunter-dk-metcalf/181974
2025,10,https://www.fantasyalarm.com/articles/nfl/wide-receivers/2025-fantasy-football-wr-cb-matchup-report-week-10/182369
2025,11,https://www.fantasyalarm.com/articles/nfl/wide-receivers/2025-fantasy-football-wr-cb-matchup-report-week-11-justin-jefferson/182750
2025,12,https://www.fantasyalarm.com/articles/nfl/wide-receivers/fantasy-football-2025-week-12-wr-cb-matchup-report-aj-brown/183098
2025,13,https://www.fantasyalarm.com/articles/nfl/wide-receivers/2025-fantasy-football-wr-cb-matchup-report-week-13/183585
2025,14,https://www.fantasyalarm.com/articles/nfl/wide-receivers/2025-fantasy-football-wr-cb-matchup-report-week-14/183858
2025,15,https://www.fantasyalarm.com/articles/nfl/wide-receivers/2025-fantasy-football-wr-cb-matchup-report-week-15/184232
2025,16,https://www.fantasyalarm.com/articles/nfl/wide-receivers/fantasy-football-wr-cb-matchup-report-week-16-2025/184535
2025,17,https://www.fantasyalarm.com/articles/nfl/wide-receivers/fantasy-football-wr-cb-matchup-report-week-17-2025/184910
2025,18,https://www.fantasyalarm.com/articles/nfl/wide-receivers/fantasy-football-wr-cb-matchup-report-week-18-parker-washington-tetairoa-mcmillan/185195
2026,1,https://www.fantasyalarm.com/articles/nfl/wide-receivers/fantasy-football-week-1-wr-cb-matchups-2026-wr-cb-matchup-report/195189
2026,2,https://www.fantasyalarm.com/articles/nfl/wide-receivers/fantasy-football-week-2-wr-cb-matchups-2026-wr-cb-matchup-report/195555
2026,3,https://www.fantasyalarm.com/articles/nfl/wide-receivers/fantasy-football-week-3-wr-cb-matchups-2026-wr-cb-matchup-report/195948
