train_season,test_season,feature,standardized_coefficient,scaler_mean,scaler_scale,ridge_intercept
2022,2023,b0_secondary_room_share,-0.15764499234199267,0.22580696309307063,0.0971721737041602,0.25407038950414385
2022,2023,log_b0_secondary_pool,-0.05765064769652498,0.283196300945813,0.045132123333890016,0.25407038950414385
2022,2023,secondary_room_size,0.12358672852490322,4.9450980392156865,0.867491400682216,0.25407038950414385
2022,2023,prior1_same_team_offense_pct,0.0500441584822147,0.49140522875816994,0.30956629872451136,0.25407038950414385
2022,2023,prior1_same_team_offense_snaps,-0.08186318874163925,32.48888888888889,21.085327908614513,0.25407038950414385
2022,2023,prior1_anyteam_offense_pct,0.09136120360694451,0.4958954248366013,0.306285380261733,0.25407038950414385
2022,2023,prior3_anyteam_offense_pct,0.026870602708277888,0.48228976034858384,0.2828555376548337,0.25407038950414385
2022,2023,prior1_anyteam_offense_snaps,0.029564907142541088,32.79019607843137,20.882266500787676,0.25407038950414385
2022,2023,prior3_anyteam_offense_snaps,-0.08004335748570632,31.864270152505448,19.054101243909326,0.25407038950414385
2022,2023,log1p_prior_count_same_team,0.016017758575691012,2.487313977983773,1.0274598369122594,0.25407038950414385
2022,2023,log1p_prior_count_anyteam,-0.0022698484855095025,3.027694271553691,0.8798941698576842,0.25407038950414385
2022,2023,prior1_same_team_available,-0.0682554430010416,0.9444444444444444,0.2290614236454256,0.25407038950414385
2022,2023,prior3_same_team_available,0.011529961009234046,0.8633986928104576,0.34342596008987253,0.25407038950414385
2022,2023,secondary_snap_share_prior1_same_team,0.18795594920957714,0.2787306775995743,0.19372976696672212,0.25407038950414385
2022,2023,secondary_snap_share_prior3_anyteam,0.11209731178549318,0.26714648154217296,0.17108089978015872,0.25407038950414385
2023,2024,b0_secondary_room_share,-0.19344545742692074,0.21759808322016466,0.09655303076242573,0.2815414166193125
2023,2024,log_b0_secondary_pool,-0.08547972191237461,0.30205469298293425,0.0384197636192168,0.2815414166193125
2023,2024,secondary_room_size,0.07094160161016996,5.008301404853129,0.8129271965602759,0.2815414166193125
2023,2024,prior1_same_team_offense_pct,0.047354183104871786,0.48945083014048535,0.3010691121484568,0.2815414166193125
2023,2024,prior1_same_team_offense_snaps,0.058244539442786666,32.436143039591315,20.678236693093687,0.2815414166193125
2023,2024,prior1_anyteam_offense_pct,0.016893111767695285,0.49770753512132826,0.29721834070343245,0.2815414166193125
2023,2024,prior3_anyteam_offense_pct,0.04793809959666462,0.48279693486590036,0.28426458344395744,0.2815414166193125
2023,2024,prior1_anyteam_offense_snaps,-0.022448708466326454,32.97254150702427,20.435204568347068,0.2815414166193125
2023,2024,prior3_anyteam_offense_snaps,-0.031054783766530862,31.959557258407838,19.103225651314375,0.2815414166193125
2023,2024,log1p_prior_count_same_team,0.029505563829683678,2.5389916910889756,1.0299037953320964,0.2815414166193125
2023,2024,log1p_prior_count_anyteam,-0.017687675983407106,3.156575661167167,0.9701729926953406,0.2815414166193125
2023,2024,prior1_same_team_available,-0.08846989488286446,0.9514687100893997,0.21488602516267435,0.2815414166193125
2023,2024,prior3_same_team_available,0.0019273128060867653,0.8805874840357599,0.32427329059811605,0.2815414166193125
2023,2024,secondary_snap_share_prior1_same_team,0.11459651497262371,0.2685815805202144,0.1774827844554638,0.2815414166193125
2023,2024,secondary_snap_share_prior3_anyteam,0.10780606073512605,0.26317754413906486,0.1664020106606625,0.2815414166193125
