season,week,team,opponent,player_clean_key,actual_pass_yards,actual_attempts,pred_pass_yards,pred_attempts,pred_ypa,actual_qb_attempt_share,actual_ypa,implied_pred_ypa,det_pass_yards
2024,1,ARI,BUF,kylermurray,162,31,227.0871284,33.36272397,6.843794522,1,5.225806452,6.806612331,228.3276276
2024,1,ATL,PIT,kirkcousins,155,26,234.1259933,32.4534914,7.22084872,1,5.961538462,7.214200484,234.3417518
2024,1,BAL,KC,lamarjackson,273,41,230.3038521,29.56273884,7.786839095,1,6.658536585,7.790342206,230.2002906
2024,1,BUF,ARI,joshallen,232,23,234.7414912,32.13381892,7.317914932,1,10.08695652,7.305122739,235.1525533
2024,1,CAR,NO,bryceyoung,161,30,201.3662276,33.48815701,6.008900147,0.9677419355,5.366666667,6.013057915,201.2269916
2024,1,CHI,TEN,calebwilliams,93,29,204.5139097,29.68579721,6.870868496,1,3.206896552,6.889284738,203.9672089
2024,1,CIN,NE,joeburrow,164,29,183.3663991,28.23480787,6.476047294,1,5.655172414,6.494338474,182.8499511
2024,1,CLE,DAL,deshaunwatson,169,45,172.4564668,27.48333333,6.311069787,1,3.755555556,6.274947247,173.4492346
2024,1,DAL,CLE,dakprescott,179,32,245.6487573,33.18612643,7.359535781,1,5.59375,7.402152155,244.2344849
2024,1,DEN,SEA,bonix,138,42,201.9986589,29.46678743,6.870868496,1,3.285714286,6.855130012,202.4624215
2024,1,DET,LAR,jaredgoff,217,28,259.1964923,35.30076392,7.376325665,1,7.75,7.342517937,260.3899309
2024,1,GB,PHI,jordanlove,260,34,232.0303599,32.5810309,7.115323914,0.9714285714,7.647058824,7.121639599,231.8245883
2024,1,HOU,IND,cjstroud,234,32,245.0650906,31.8889977,7.671596869,1,7.3125,7.684941777,244.6395349
2024,1,IND,HOU,anthonyrichardson,212,19,166.1378626,24.05120355,6.901890467,1,11.15789474,6.90767355,165.9987725
2024,1,JAX,MIA,trevorlawrence,162,21,209.4738228,30.32867567,6.946153643,1,7.714285714,6.906790955,210.667641
2024,1,KC,BAL,patrickmahomes,291,28,220.8612439,31.55603145,6.986877052,1,10.39285714,6.999018373,220.478112
2024,1,LAC,LV,justinherbert,144,26,199.0540024,29.13723081,6.822316248,1,5.538461538,6.83160331,198.7834032
2024,1,LAR,DET,matthewstafford,317,49,248.3920894,33.6854611,7.402079677,1,6.469387755,7.373866389,249.342467
2024,1,LV,LAC,gardnerminshew,257,33,220.868458,32.48442822,6.808833565,1,7.787878788,6.799210271,221.1810652
2024,1,MIA,JAX,tuatagovailoa,338,37,251.1530404,32.13823853,7.804932046,1,9.135135135,7.814773052,250.8367678
2024,1,MIN,NYG,samdarnold,208,24,130.2494515,23.27872673,5.597194923,1,8.666666667,5.595213732,130.2955711
2024,1,NE,CIN,jacobybrissett,121,24,175.3296616,22.80636973,7.664689833,1,5.041666667,7.68774968,174.8037502
2024,1,NO,CAR,derekcarr,200,23,242.1634404,34.11479337,7.072725026,0.9583333333,8.695652174,7.098487679,241.2845528
2024,1,NYG,MIN,danieljones,186,42,136.6009742,22.5095804,6.049565698,1,4.428571429,6.068570438,136.1731855
2024,1,PHI,GB,jalenhurts,278,34,194.8889609,27.86836463,7.012686331,1,8.176470588,6.993196892,195.4320997
2024,1,PIT,ATL,justinfields,156,23,219.5668694,31.87713443,6.939596331,1,6.782608696,6.887911143,221.2144451
2024,1,SEA,DEN,genosmith,171,25,230.2430318,32.64661166,7.032350238,1,6.84,7.052585861,229.5824073
2024,1,SF,NYJ,brockpurdy,231,29,242.4108183,27.67774158,8.687702351,1,7.965517241,8.758330863,240.4559806
2024,1,TB,WAS,bakermayfield,289,30,233.1424048,32.78825047,7.116488432,1,9.633333333,7.110547268,233.3372051
2024,1,TEN,CHI,willlevis,127,32,174.1646745,25.22552117,6.926414065,1,3.96875,6.904304311,174.7224046
2024,1,WAS,TB,jaydendaniels,184,24,213.8342225,31.02913631,6.870868496,1,7.666666667,6.891401047,213.1971152
2024,2,ARI,LAR,kylermurray,266,21,213.4231948,31.40043103,6.778438889,1,12.66666667,6.796823729,212.8459029
2024,2,ATL,PHI,kirkcousins,241,29,220.308336,30.37763331,7.251198991,1,8.310344828,7.252320606,220.274264
2024,2,BAL,LV,lamarjackson,247,34,234.7755484,30.84576923,7.602817846,1,7.264705882,7.611272283,234.5147648
2024,2,BUF,MIA,joshallen,139,19,196.5696551,25.90265957,7.518308766,1,7.315789474,7.58878271,194.7441925
2024,2,CAR,LAC,bryceyoung,84,26,185.8679914,30.82297202,6.008630741,1,3.230769231,6.030177467,185.2038572
2024,2,CHI,HOU,calebwilliams,174,37,201.853172,31.63098134,6.438537301,1,4.702702703,6.381502043,203.6572532
2024,2,CIN,KC,joeburrow,258,36,175.3841684,26.96131367,6.465269571,1,7.166666667,6.505030523,174.3121609
2024,2,CLE,JAX,deshaunwatson,186,34,220.7066861,35.35562046,6.225177465,1,5.470588235,6.24247809,220.0950117
2024,2,DAL,NO,dakprescott,293,39,239.175652,32.50812721,7.293175063,0.9285714286,7.512820513,7.357410979,237.0874627
2024,2,DEN,PIT,bonix,246,35,205.9278348,32.67966282,6.320801037,1,7.028571429,6.301406349,206.5616467
2024,2,DET,TB,jaredgoff,307,55,243.7816679,32.45322581,7.510173698,0.9821428571,5.581818182,7.511785403,243.7293629
2024,2,HOU,CHI,cjstroud,260,36,276.7350077,36.19376665,7.687982558,1,7.222222222,7.64593004,278.2570467
2024,2,IND,GB,anthonyrichardson,204,34,193.1022715,26.32990469,7.346768453,1,6,7.333952545,193.4397132
2024,2,JAX,CLE,trevorlawrence,220,30,199.3383241,27.64381743,7.162266434,1,7.333333333,7.210955023,197.9923857
2024,2,KC,CIN,patrickmahomes,151,25,202.502208,27.91699449,7.224737856,1,6.04,7.253725255,201.6929669
2024,2,LAC,CAR,justinherbert,130,20,206.958368,30.15844489,6.852147461,1,6.5,6.862368693,206.6501116
2024,2,LAR,ARI,matthewstafford,216,27,283.4062711,38.26044284,7.458571725,1,8,7.40729197,285.3682572
2024,2,LV,BAL,gardnerminshew,276,38,207.1241222,29.82530357,6.903933494,1,7.263157895,6.944577169,205.9119123
2024,2,MIN,SF,samdarnold,268,26,158.5402034,27.67788462,5.763103215,1,10.30769231,5.728046256,159.5105058
2024,2,NE,SEA,jacobybrissett,149,27,222.0085425,29.66750087,7.444093212,1,5.518518519,7.483223596,220.8476419
2024,2,NO,DAL,derekcarr,243,16,209.3605402,29.41346154,7.061586356,1,15.1875,7.117847721,207.7056987
2024,2,NYG,WAS,danieljones,178,28,210.998594,34.97250795,6.033663347,1,6.357142857,6.033270315,211.0123394
2024,2,NYJ,TEN,aaronrodgers,176,30,139.3026577,22.36607735,6.226905688,1,5.866666667,6.228300809,139.2714543
2024,2,PHI,ATL,jalenhurts,183,30,250.5653596,35.3525369,7.118653262,1,6.1,7.087620341,251.6624521
2024,2,PIT,DEN,justinfields,117,20,197.8022591,28.92727151,6.828513382,1,5.85,6.837916221,197.5302606
2024,2,SEA,NE,genosmith,327,44,233.476358,32.54539185,7.129129997,1,7.431818182,7.173868396,232.0203293
2024,2,SF,MIN,brockpurdy,319,36,286.656722,33.79144135,8.50907531,1,8.861111111,8.483116155,287.5339192
2024,2,TB,DET,bakermayfield,185,19,206.4975292,28.91901602,7.156006222,1,9.736842105,7.140544792,206.9446586
2024,2,TEN,NYJ,willlevis,192,28,200.5955917,29.60571059,6.784292412,1,6.857142857,6.775570919,200.8537977
2024,2,WAS,NYG,jaydendaniels,226,29,192.9608347,27.29246374,7.075647317,1,7.793103448,7.070114174,193.1118478
2024,3,ARI,DET,kylermurray,207,34,199.4700168,28.50693612,6.980512597,1,6.088235294,6.997245019,198.9930267
2024,3,ATL,KC,kirkcousins,230,29,237.4190612,32.8842369,7.226607596,1,7.931034483,7.219844022,237.6414762
2024,3,BAL,DAL,lamarjackson,182,15,236.5218702,31.16444928,7.555507315,1,12.13333333,7.589476975,235.4632245
2024,3,BUF,JAX,joshallen,263,30,192.1464204,26.02834123,7.336461903,0.9677419355,8.766666667,7.382199989,190.9559339
2024,3,CHI,IND,calebwilliams,363,52,198.627866,32.12494264,6.174595799,1,6.980769231,6.182979629,198.3585359
2024,3,CIN,WAS,joeburrow,324,38,190.0039533,29.33241903,6.483363998,1,8.526315789,6.477609403,190.1727495
2024,3,CLE,NYG,deshaunwatson,196,37,205.4608477,33.50808937,6.148081912,1,5.297297297,6.131678993,206.0104782
2024,3,DAL,BAL,dakprescott,379,51,235.695632,33.01492205,7.138815399,1,7.431372549,7.139063714,235.6874339
2024,3,DEN,TB,bonix,216,36,205.7572404,31.69394303,6.475181607,1,6,6.49200512,205.224037
2024,3,DET,ARI,jaredgoff,199,23,267.2989186,36.55012926,7.311943611,1,8.652173913,7.313214043,267.2524841
2024,3,IND,CHI,anthonyrichardson,167,20,211.7381433,29.97256757,7.059165038,1,8.35,7.064397898,211.5813011
2024,3,JAX,BUF,trevorlawrence,178,38,205.4168026,28.65874848,7.150898072,0.8260869565,4.684210526,7.167682243,204.9357893
2024,3,KC,ATL,patrickmahomes,217,39,205.4574133,28.78054097,7.138047007,1,5.564102564,7.138761345,205.4368543
2024,3,LAC,PIT,justinherbert,125,18,202.262232,30.64259836,6.612684896,0.9,6.944444444,6.600688024,202.6298474
2024,3,LAR,SF,matthewstafford,221,25,267.5306397,35.82588854,7.472014719,0.9615384615,8.84,7.467522807,267.6915665
2024,3,MIN,HOU,samdarnold,181,28,167.8729514,28.12220539,5.994708309,1,6.464285714,5.969409192,168.5844183
2024,3,NO,PHI,derekcarr,142,25,228.0723903,29.83285457,7.628261598,1,5.68,7.645007278,227.5728188
2024,3,NYG,CLE,danieljones,236,34,203.7613684,33.90426108,5.974461345,0.9714285714,6.941176471,6.009904416,202.5596973
2024,3,NYJ,NE,aaronrodgers,281,35,160.2017052,26.09967124,6.145134973,1,8.028571429,6.138073684,160.3860025
2024,3,PHI,NO,jalenhurts,311,38,230.2898072,32.73520436,7.041189336,1,8.184210526,7.034928045,230.4947719
2024,3,SEA,MIA,genosmith,289,34,240.2474089,33.50316763,7.128993996,1,8.5,7.170886396,238.8438809
2024,3,SF,LAR,brockpurdy,292,30,287.3055846,33.2037751,8.671767896,1,9.733333333,8.652798778,287.9354309
2024,3,TB,DEN,bakermayfield,163,33,193.3385682,26.82737927,7.268112643,1,4.939393939,7.206763144,194.9844145
2024,3,TEN,GB,willlevis,260,34,201.9832926,29.88311356,6.770290499,1,7.647058824,6.759111368,202.3173599
2024,3,WAS,CIN,jaydendaniels,254,23,207.8118055,29.04179173,7.118367157,1,11.04347826,7.155612416,206.7301364
2024,4,ARI,WAS,kylermurray,142,22,208.8551654,29.56663377,7.024384382,1,6.454545455,7.063880422,207.6874004
2024,4,ATL,NO,kirkcousins,238,35,240.7332132,32.96706016,7.30262692,1,6.8,7.302234777,240.746141
2024,4,BAL,BUF,lamarjackson,156,18,233.1847685,29.95413785,7.750598421,0.9473684211,8.666666667,7.784726426,232.1624936
2024,4,BUF,BAL,joshallen,180,29,193.1181015,26.43916554,7.369432592,0.935483871,6.206896552,7.304243444,194.8416482
2024,4,CHI,LAR,calebwilliams,157,23,215.7801593,34.75280737,6.192920247,1,6.826086957,6.208999376,215.2213644
2024,4,CIN,CAR,joeburrow,232,31,203.7088117,30.95637116,6.557137597,1,7.483870968,6.580513286,202.9851852
2024,4,CLE,LV,deshaunwatson,176,32,206.4389292,33.96561533,6.05171674,1,5.5,6.077879856,205.5502829
2024,4,DAL,NYG,dakprescott,221,27,255.2729773,36.06606641,7.113315471,1,8.185185185,7.07792678,256.5493082
2024,4,DEN,NYJ,bonix,60,25,198.8725298,31.43459911,6.351133272,1,2.4,6.326548942,199.6453283
2024,4,DET,SEA,jaredgoff,292,18,253.0329326,34.9343803,7.201757231,0.9473684211,16.22222222,7.243092061,251.588926
2024,4,GB,MIN,jordanlove,389,54,198.8540898,28.62139498,6.981805019,1,7.203703704,6.947742761,199.8289992
2024,4,HOU,JAX,cjstroud,345,40,232.4244333,30.57739008,7.570339935,1,8.625,7.601186127,231.4812372
2024,4,JAX,HOU,trevorlawrence,169,33,205.4094837,29.4669668,6.987322233,1,5.121212121,6.970839077,205.8951923
2024,4,KC,LAC,patrickmahomes,245,29,216.3619556,30.65312051,7.021457647,1,8.448275862,7.058399014,215.2295874
2024,4,LAC,KC,justinherbert,179,27,191.7830904,28.54804217,6.724245722,1,6.62962963,6.717906932,191.9640505
2024,4,LAR,CHI,matthewstafford,224,29,251.2725686,33.92767486,7.440177124,1,7.724137931,7.406124048,252.4279103
2024,4,LV,CLE,gardnerminshew,130,24,199.9616018,29.16683413,6.908207033,1,5.416666667,6.855786986,201.4905287
2024,4,MIN,GB,samdarnold,275,28,174.5699361,29.19399733,5.98567273,1,9.821428571,5.979651709,174.7457137
2024,4,NE,SF,jacobybrissett,168,32,197.0072709,27.80299471,7.064752688,1,5.25,7.085829169,196.4212816
2024,4,NO,ATL,derekcarr,239,36,223.8752029,29.77533338,7.491971334,1,6.638888889,7.518814315,223.0759442
2024,4,NYG,DAL,danieljones,281,40,201.0384953,33.36453102,5.996158793,1,7.025,6.025515396,200.059026
2024,4,NYJ,DEN,aaronrodgers,225,42,171.1029955,27.78350019,6.143966213,1,5.357142857,6.158439157,170.7008865
2024,4,PHI,TB,jalenhurts,158,30,234.5376954,33.01227122,7.067598167,1,5.266666667,7.104561023,233.3174676
2024,4,SEA,DET,genosmith,395,56,235.6027961,33.22598944,7.100532881,1,7.053571429,7.090918889,235.9222305
2024,4,SF,NE,brockpurdy,288,27,271.3443596,31.14611938,8.693889582,1,10.66666667,8.711979696,270.7809228
2024,4,TB,PHI,bakermayfield,347,47,207.3841549,28.49119664,7.252320371,1,7.382978723,7.278885387,206.6272858
2024,4,WAS,ARI,jaydendaniels,233,30,206.7181773,27.48041415,7.483240235,1,7.766666667,7.522382163,205.6425409
2024,5,ARI,SF,kylermurray,195,30,206.7393375,30.41351348,6.842014202,1,6.5,6.79761441,208.0896912
2024,5,ATL,TB,kirkcousins,509,58,238.4601392,33.00324187,7.195337294,0.9830508475,8.775862069,7.225355018,237.469457
2024,5,BAL,CIN,lamarjackson,348,42,228.4235128,29.03682764,7.936696971,1,8.285714286,7.866682807,230.456502
2024,5,BUF,HOU,joshallen,131,30,201.0328775,27.05939188,7.444210978,1,4.366666667,7.429319857,201.4358221
2024,5,CHI,CAR,calebwilliams,304,29,209.411982,33.78054647,6.236293785,1,10.48275862,6.199188701,210.665412
2024,5,CIN,BAL,joeburrow,392,39,204.6352322,31.72968782,6.461632645,1,10.05128205,6.449330146,205.0255866
2024,5,CLE,WAS,deshaunwatson,125,28,191.7531514,31.94706951,6.008082842,0.9655172414,4.464285714,6.002214109,191.9406402
2024,5,DAL,PIT,dakprescott,352,42,245.5877634,34.72136323,7.148951637,1,8.380952381,7.073102566,248.2213465
2024,5,DEN,LV,bonix,206,27,184.9073648,31.02674955,5.936076813,1,7.62962963,5.959611221,184.1771686
2024,5,GB,LAR,jordanlove,224,26,223.2115563,31.25663217,7.117623144,1,8.615384615,7.141254217,222.4729286
2024,5,HOU,BUF,cjstroud,331,38,236.0820044,31.01531841,7.613101372,1,8.710526316,7.611787224,236.1227631
2024,5,JAX,IND,trevorlawrence,371,34,208.1156291,30.13446461,6.884045161,1,10.91176471,6.906232838,207.4470153
2024,5,KC,NO,patrickmahomes,331,39,216.3859818,30.53006117,7.082826991,1,8.487179487,7.087636694,216.2391413
2024,5,LAR,GB,matthewstafford,260,45,252.7414408,33.2665261,7.518847634,1,5.777777778,7.597470203,250.1259411
2024,5,MIN,NYJ,samdarnold,179,31,179.2448282,29.10127828,6.167488956,0.96875,5.774193548,6.159345526,179.4818124
2024,5,NE,MIA,jacobybrissett,160,34,200.756713,29.03657402,6.901112828,1,4.705882353,6.913925619,200.3846735
2024,5,NO,KC,derekcarr,165,28,228.0017424,31.09450276,7.290558733,0.8,5.892857143,7.332541839,226.6962986
2024,5,NYG,SEA,danieljones,257,34,202.313147,33.38148954,6.047996911,1,7.558823529,6.060638691,201.8911456
2024,5,NYJ,MIN,aaronrodgers,244,54,183.3808964,29.50618997,6.168294938,1,4.518518519,6.214997482,182.0028822
2024,5,PIT,DAL,justinfields,131,27,209.5995549,30.11719904,6.996007101,0.9642857143,4.851851852,6.959463747,210.7001383
2024,5,SEA,NYG,genosmith,284,40,244.3305528,34.60833006,7.088213243,1,7.1,7.059876983,245.3112234
2024,5,SF,ARI,brockpurdy,244,35,271.1712194,30.84565873,8.78255687,1,6.971428571,8.791228022,270.903752
2024,5,TB,ATL,bakermayfield,180,24,219.9115906,30.36484095,7.248881722,1,7.5,7.242309978,220.1111406
2024,5,WAS,CLE,jaydendaniels,238,25,204.1004176,27.87826492,7.34180695,0.8928571429,9.52,7.321130573,204.6768391
2024,6,ARI,GB,kylermurray,214,32,214.4120191,30.65919829,6.972476582,1,6.6875,6.993399405,213.7705421
2024,6,ATL,CAR,kirkcousins,225,30,255.2778981,34.53703351,7.367649116,1,7.5,7.391425151,254.4567444
2024,6,BAL,WAS,lamarjackson,323,26,240.937132,30.25410622,7.967955245,1,12.42307692,7.963782843,241.0633643
2024,6,BUF,NYJ,joshallen,215,25,200.3525841,27.48922017,7.312299651,1,8.6,7.288405524,201.0094151
2024,6,CAR,ATL,andydalton,221,38,136.87805,22.76059445,6.031744099,1,5.815789474,6.013817007,137.2860812
2024,6,CHI,JAX,calebwilliams,226,29,220.2324291,33.21215606,6.650282083,1,7.793103448,6.631078955,220.8702064
2024,6,CIN,NYG,joeburrow,208,28,219.5746297,32.23419659,6.772797261,1,7.428571429,6.811853651,218.3156784
2024,6,CLE,PHI,deshaunwatson,168,23,187.4620672,31.62051856,5.938160855,1,7.304347826,5.928494399,187.7677255
2024,6,DEN,LAC,bonix,216,33,187.0511944,30.71237063,6.117982199,1,6.545454545,6.090418633,187.8977368
2024,6,DET,DAL,jaredgoff,315,25,257.2026693,32.91222084,7.797805142,0.9259259259,12.6,7.814807469,256.6430849
2024,6,GB,ARI,jordanlove,258,32,228.3015798,31.64082795,7.212631981,1,8.0625,7.215411056,228.2136476
2024,6,HOU,NE,cjstroud,192,31,236.6931807,30.65026056,7.679998104,0.96875,6.193548387,7.722387229,235.393943
2024,6,JAX,CHI,trevorlawrence,234,35,214.793756,30.11977841,7.090479732,0.9722222222,6.685714286,7.131319265,213.5636783
2024,6,LAC,DEN,justinherbert,237,34,193.6543552,28.62302945,6.724913673,1,6.970588235,6.765683398,192.4874021
2024,6,NYG,CIN,danieljones,205,41,204.3661288,33.28779518,6.154951796,1,5,6.139371134,204.8847747
2024,6,NYJ,BUF,aaronrodgers,294,35,199.7118368,32.87020468,6.056430772,1,8.4,6.075771012,199.0761191
2024,6,PHI,CLE,jalenhurts,264,25,232.156348,33.26156013,6.982950347,1,10.56,6.979719145,232.2638229
2024,6,SEA,SF,genosmith,312,52,244.965205,34.45938933,7.103412918,1,6,7.108808652,244.7792713
2024,6,SF,SEA,brockpurdy,255,28,260.2432925,30.55944425,8.536732046,1,9.107142857,8.515969413,260.877787
2024,6,TB,NO,bakermayfield,325,36,210.5361484,29.06612462,7.275478137,1,9.027777778,7.243351191,211.4699542
2024,6,TEN,IND,willlevis,95,27,159.3444242,23.5935608,6.76801878,1,3.518518519,6.753725117,159.6816626
2024,6,WAS,BAL,jaydendaniels,269,35,207.4217501,27.48976521,7.549902528,1,7.685714286,7.545417306,207.5450478
2024,7,ARI,LAC,kylermurray,145,26,211.6784566,30.47359702,6.947482456,1,5.576923077,6.94629047,211.7147807
2024,7,ATL,SEA,kirkcousins,232,35,254.8260143,34.91373062,7.294221693,0.9722222222,6.628571429,7.298733472,254.6684913
2024,7,BAL,TB,lamarjackson,281,22,247.4279261,30.34055278,8.160692325,1,12.77272727,8.15502367,247.5999162
2024,7,BUF,TEN,joshallen,323,33,204.9764362,27.88859711,7.361063034,1,9.787878788,7.349829588,205.2897212
2024,7,CAR,WAS,andydalton,93,16,185.0047198,30.68969354,5.998600979,0.8888888889,5.8125,6.028236142,184.0952257
2024,7,CIN,CLE,joeburrow,181,25,211.8695603,31.65903858,6.792836726,1,7.24,6.692229766,215.05468
2024,7,DEN,NO,bonix,164,26,185.7902169,30.3932686,6.135696067,1,6.307692308,6.112873853,186.4838586
2024,7,DET,MIN,jaredgoff,280,25,256.4273136,32.02999419,8.016247472,1,11.2,8.005849522,256.7603599
2024,7,GB,HOU,jordanlove,220,33,225.7719804,31.6838331,7.099492484,1,6.666666667,7.125778616,224.939135
2024,7,HOU,GB,cjstroud,86,21,229.1898542,30.13982462,7.602663757,1,4.095238095,7.604219901,229.1429523
2024,7,IND,MIA,anthonyrichardson,129,24,203.7733471,25.49584522,7.985040811,1,5.375,7.992413873,203.5853646
2024,7,JAX,NE,trevorlawrence,193,20,210.6899789,29.96010428,7.062312851,1,9.65,7.032351321,211.5876295
2024,7,KC,SF,patrickmahomes,154,27,225.2365653,31.51445948,7.154105706,1,5.703703704,7.147086416,225.4577744
2024,7,LAC,ARI,justinherbert,349,39,205.115139,30.20380986,6.793642634,1,8.948717949,6.7910353,205.1938904
2024,7,LAR,LV,matthewstafford,154,23,255.0343697,34.57486394,7.36944525,1,6.695652174,7.376294239,254.7975668
2024,7,MIN,DET,samdarnold,259,27,185.1152996,29.88706635,6.153165389,1,9.592592593,6.193826367,183.9000622
2024,7,NE,JAX,drakemaye,276,37,141.0621137,21.83076326,6.420143184,1,7.459459459,6.461620786,140.156626
2024,7,NYJ,PIT,aaronrodgers,276,39,203.7677098,32.7850867,6.220174103,1,7.076923077,6.21525609,203.9289473
2024,7,PHI,NYG,jalenhurts,114,14,239.5959835,33.5984265,7.143052429,0.9333333333,8.142857143,7.131166798,239.995322
2024,7,PIT,NYJ,russellwilson,264,29,205.9699772,30.17523771,6.782320022,1,9.103448276,6.825794687,204.6581189
2024,7,SEA,ATL,genosmith,207,28,251.0164098,35.61531913,7.043489334,0.9655172414,7.392857143,7.047989908,250.8561204
2024,7,SF,KC,brockpurdy,212,31,257.7927919,30.32804517,8.544807507,1,6.838709677,8.500145345,259.147308
2024,7,TB,BAL,bakermayfield,370,45,214.4228845,29.84798634,7.198452476,1,8.222222222,7.183830832,214.8593112
2024,8,ARI,MIA,kylermurray,307,36,207.7123396,30.28553253,6.893853615,1,8.527777778,6.858467468,208.7840279
2024,8,ATL,TB,kirkcousins,276,29,255.0838896,35.1313524,7.274159953,1,9.517241379,7.260861658,255.5510767
2024,8,BAL,CLE,lamarjackson,289,38,250.4406168,30.06058226,8.371839658,1,7.605263158,8.331196471,251.6623747
2024,8,BUF,SEA,joshallen,283,34,206.504209,28.2053154,7.32765682,1,8.323529412,7.321464274,206.6788717
2024,8,CHI,WAS,calebwilliams,131,24,222.9268994,32.81093727,6.747971178,1,5.458333333,6.794286234,221.407259
2024,8,CIN,PHI,joeburrow,234,37,215.2426618,31.5672265,6.822902682,1,6.324324324,6.818548401,215.3801143
2024,8,DAL,SF,dakprescott,243,38,248.6653109,34.05553472,7.273123553,1,6.394736842,7.30175911,247.6901117
2024,8,DEN,CAR,bonix,284,37,182.8575188,29.60466334,6.167722986,0.9487179487,7.675675676,6.176645776,182.5933626
2024,8,GB,JAX,jordanlove,196,22,230.1072094,31.80405127,7.228505814,0.8148148148,8.909090909,7.235154021,229.8957695
2024,8,HOU,IND,cjstroud,285,37,237.9576834,31.85395092,7.460791063,1,7.702702703,7.47027218,237.6556723
2024,8,IND,HOU,anthonyrichardson,175,32,194.2982563,24.8774534,7.827328337,1,5.46875,7.810214863,194.7239959
2024,8,JAX,GB,trevorlawrence,308,32,222.1987098,31.00513173,7.185445062,1,9.625,7.166513973,222.7856707
2024,8,KC,LV,patrickmahomes,262,38,223.6803411,31.45571533,7.099285329,1,6.894736842,7.110960242,223.3130984
2024,8,LAC,NO,justinherbert,279,32,207.5731236,30.33011586,6.906886259,1,8.71875,6.843795935,209.4866605
2024,8,LAR,MIN,matthewstafford,279,34,247.9859932,33.73003883,7.349925278,1,8.205882353,7.352081461,247.913265
2024,8,LV,KC,gardnerminshew,209,30,167.2257028,24.61053786,6.790829931,1,6.966666667,6.794882084,167.1259771
2024,8,MIA,ARI,tuatagovailoa,234,38,209.6764026,27.11150265,7.75400964,1,6.157894737,7.733853978,210.2228529
2024,8,MIN,LAR,samdarnold,240,25,182.3578666,28.96937971,6.320609976,1,9.6,6.294848852,183.1041504
2024,8,NYG,PIT,danieljones,264,38,189.2110171,31.27588669,6.019890212,1,6.947368421,6.049741097,188.2774042
2024,8,NYJ,NE,aaronrodgers,233,28,205.7440952,32.65287864,6.298824295,1,8.321428571,6.300948148,205.6747453
2024,8,PHI,CIN,jalenhurts,236,20,231.7869661,32.17432796,7.199605085,1,11.8,7.204096584,231.6424552
2024,8,PIT,NYG,russellwilson,278,28,211.7370997,30.5875282,6.933230726,1,9.928571429,6.922334432,212.0703904
2024,8,SEA,BUF,genosmith,212,29,241.9889464,34.20168711,7.069303313,1,7.310344828,7.075351154,241.7821
2024,8,SF,DAL,brockpurdy,260,26,262.527405,30.20899096,8.648055336,1,10,8.690373185,261.2490255
2024,8,TB,ATL,bakermayfield,330,50,230.0094901,31.01912413,7.394108202,1,6.6,7.415086551,229.3587601
2024,8,TEN,DET,masonrudolph,266,38,185.5461282,27.01349207,6.842978669,1,7,6.868646518,184.85275
2024,8,WAS,CHI,jaydendaniels,326,38,158.4004085,21.51093716,7.342997381,1,8.578947368,7.363714899,157.9547552
2024,9,ARI,CHI,kylermurray,154,20,208.9160702,30.74678826,6.814248962,1,7.7,6.79472823,209.51627
2024,9,ATL,DAL,kirkcousins,222,24,254.1618416,34.88902197,7.361310572,1,9.25,7.284865761,256.8289263
2024,9,BAL,DEN,lamarjackson,280,19,249.710551,30.52826048,8.159798805,1,14.73684211,8.179652134,249.1044634
2024,9,BUF,MIA,joshallen,235,39,219.147916,29.1163512,7.498890869,1,6.025641026,7.526627033,218.3403401
2024,9,CHI,ARI,calebwilliams,217,41,214.6177627,32.24417578,6.623709205,1,5.292682927,6.656016396,213.5760439
2024,9,CIN,LV,joeburrow,251,39,215.124564,31.44696148,6.788554925,1,6.435897436,6.840869639,213.4794252
2024,9,CLE,LAC,jameiswinston,235,46,163.0281614,22.9456089,7.137832575,1,5.108695652,7.10498301,163.7819147
2024,9,DEN,BAL,bonix,223,33,188.8482439,30.11810544,6.252164764,0.9705882353,6.757575758,6.270256417,188.3033576
2024,9,DET,GB,jaredgoff,145,22,237.441911,29.55266796,8.048976064,1,6.590909091,8.034533845,237.8687171
2024,9,GB,DET,jordanlove,273,39,219.7565438,30.27540643,7.290088418,1,7,7.258582781,220.7103898
2024,9,HOU,NYJ,cjstroud,191,30,240.4227585,32.14042904,7.457297056,0.9677419355,6.366666667,7.480384227,239.6807269
2024,9,JAX,PHI,trevorlawrence,169,31,227.0464085,31.12373845,7.273519526,1,5.451612903,7.294959404,226.3791194
2024,9,KC,TB,patrickmahomes,291,44,223.5901921,31.63958119,7.076228099,1,6.613636364,7.066787349,223.8888935
2024,9,LAC,CLE,justinherbert,282,27,217.0498139,31.22583451,6.906087375,1,10.44444444,6.9509692,215.6483415
2024,9,LAR,SEA,matthewstafford,298,44,250.4000167,34.02799789,7.372976986,1,6.772727273,7.358646769,250.8876453
2024,9,MIA,BUF,tuatagovailoa,231,28,223.3008534,29.17392064,7.652857919,1,8.25,7.654125619,223.2638696
2024,9,MIN,IND,samdarnold,290,34,185.0206295,28.75826468,6.449028333,0.9714285714,8.529411765,6.433650694,185.4628637
2024,9,NE,TEN,drakemaye,206,41,136.3429349,21.76605722,6.268463796,1,5.024390244,6.264016194,136.4397417
2024,9,NO,CAR,derekcarr,236,31,233.2236331,31.64061005,7.36623126,0.96875,7.612903226,7.37102201,233.0720508
2024,9,NYG,WAS,danieljones,174,26,191.1720359,31.57338992,6.049975732,1,6.692307692,6.054846705,191.0182428
2024,9,NYJ,HOU,aaronrodgers,211,32,208.6474148,32.52266162,6.411946726,1,6.59375,6.415447088,208.5335737
2024,9,PHI,JAX,jalenhurts,230,24,234.3752915,31.80451641,7.385458438,1,9.583333333,7.369245565,234.890934
2024,9,SEA,LAR,genosmith,363,34,236.5755586,33.46343395,7.065773051,1,10.67647059,7.069673688,236.4450298
2024,9,TB,KC,bakermayfield,200,31,227.3556762,31.55759588,7.200497768,1,6.451612903,7.204467574,227.2303987
2024,9,TEN,NE,masonrudolph,240,33,196.988087,28.35295602,6.898298153,1,7.272727273,6.947708973,195.5871442
2024,9,WAS,NYG,jaydendaniels,209,22,157.3856211,21.91031836,7.259850186,1,9.5,7.18317363,159.0656288
2024,10,ARI,NYJ,kylermurray,266,24,212.3542404,30.85033704,6.875856972,1,11.08333333,6.883368571,212.122505
2024,10,ATL,NO,kirkcousins,306,38,258.5073311,34.51352824,7.473828267,1,8.052631579,7.490029108,257.9481829
2024,10,BAL,CIN,lamarjackson,290,33,258.1018825,30.05519052,8.610714685,1,8.787878788,8.587597618,258.7966704
2024,10,BUF,IND,joshallen,280,37,220.4526059,29.46599562,7.467929577,1,7.567567568,7.481593654,220.0499802
2024,10,CHI,NE,calebwilliams,120,30,213.99114,32.65713449,6.57858001,1,4,6.552661261,214.8375721
2024,10,CIN,BAL,joeburrow,428,56,215.3495758,31.7505251,6.802417327,1,7.642857143,6.78255163,215.9803221
2024,10,DEN,KC,bonix,215,30,188.2622354,30.30195345,6.205823867,1,7.166666667,6.212874548,188.048586
2024,10,DET,HOU,jaredgoff,240,30,238.4345957,29.72781124,8.017357338,1,8,8.020590341,238.3384856
2024,10,HOU,DET,cjstroud,232,33,236.1612057,31.95216499,7.441640543,1,7.03030303,7.391086201,237.7765264
2024,10,KC,DEN,patrickmahomes,266,42,229.3597787,32.4822236,7.086087508,1,6.333333333,7.061086135,230.1718789
2024,10,LAC,TEN,justinherbert,164,18,223.5309031,31.25740561,7.153479514,1,9.111111111,7.151294189,223.5992107
2024,10,LAR,MIA,matthewstafford,293,46,253.202871,34.23327458,7.377100646,1,6.369565217,7.39639646,252.542312
2024,10,MIA,LAR,tuatagovailoa,207,28,230.7307919,29.8667658,7.7176759,1,7.392857143,7.725335693,230.5020186
2024,10,MIN,JAX,samdarnold,241,38,191.165113,29.24712212,6.564845041,1,6.342105263,6.53620251,192.0028246
2024,10,NE,CHI,drakemaye,184,25,153.0873194,24.8202945,6.162509616,1,7.36,6.167828484,152.9553035
2024,10,NO,ATL,derekcarr,269,25,233.5139628,31.85041599,7.409226239,1,10.76,7.331582822,235.9869379
2024,10,NYG,CAR,danieljones,190,37,193.4244523,31.33872122,6.174997633,1,5.135135135,6.172059509,193.5165293
2024,10,NYJ,ARI,aaronrodgers,151,35,211.1514027,32.4891661,6.467010528,1,4.314285714,6.499132728,210.1077792
2024,10,PHI,DAL,jalenhurts,202,20,238.5104444,31.67745442,7.506170623,0.9090909091,10.1,7.52934378,237.7763778
2024,10,PIT,WAS,russellwilson,195,28,221.5819387,30.9946228,7.120385751,0.9655172414,6.964285714,7.149044535,220.6936705
2024,10,SF,TB,brockpurdy,353,36,260.2703703,29.87562483,8.71994677,1,9.805555556,8.711796717,260.5138582
2024,10,TB,SF,bakermayfield,116,29,225.1830027,31.22054659,7.192790411,1,4,7.212654077,224.5628482
2024,10,WAS,PIT,jaydendaniels,202,34,168.6306158,22.69410709,7.442209054,1,5.941176471,7.430590465,168.8942893
2024,11,ATL,DEN,kirkcousins,173,27,259.767264,34.71551568,7.513409607,0.8709677419,6.407407407,7.482742481,260.831889
2024,11,BAL,PIT,lamarjackson,207,33,255.7311433,30.10143625,8.459167572,1,6.272727273,8.495645894,254.6330934
2024,11,BUF,KC,joshallen,262,40,220.5181321,29.97914385,7.336316028,1,6.55,7.355718138,219.9364735
2024,11,CHI,GB,calebwilliams,231,31,209.5026631,32.66634012,6.431417933,1,7.451612903,6.413410939,210.0908857
2024,11,CIN,LAC,joeburrow,356,50,223.8826622,32.49811397,6.849016892,1,7.12,6.889097083,222.5801315
2024,11,CLE,NO,jameiswinston,395,46,160.9046505,23.2113137,6.948553366,0.9787234043,8.586956522,6.932164743,161.2850519
2024,11,DAL,HOU,cooperrush,354,55,129.3707019,25.1254812,5.150356427,0.9821428571,6.436363636,5.148984048,129.4051836
2024,11,DEN,ATL,bonix,307,33,193.9008735,30.37379035,6.40780722,1,9.303030303,6.383822079,194.6293931
2024,11,DET,JAX,jaredgoff,412,29,245.300183,30.46746442,8.031508999,0.8787878788,14.20689655,8.051217509,244.6997146
2024,11,GB,CHI,jordanlove,261,17,224.866309,30.63846078,7.324013548,1,15.35294118,7.339347452,224.3965018
2024,11,HOU,DAL,cjstroud,257,34,239.6968956,32.15388808,7.440094825,1,7.558823529,7.454678421,239.2279763
2024,11,KC,BUF,patrickmahomes,196,33,231.5157993,32.51473588,7.070823295,1,5.939393939,7.120334613,229.9059519
2024,11,LAC,CIN,justinherbert,297,36,218.3207277,30.39486602,7.178637263,1,8.25,7.182815925,218.1937178
2024,11,LAR,NE,matthewstafford,295,27,252.2122807,34.62322529,7.351645183,1,10.92592593,7.284482558,254.5376674
2024,11,LV,MIA,gardnerminshew,282,43,158.4293266,23.10555935,6.850151725,1,6.558139535,6.856762226,158.2765872
2024,11,MIA,LV,tuatagovailoa,288,36,226.8200477,29.46093347,7.719882095,1,8,7.699010893,227.4349328
2024,11,MIN,TEN,samdarnold,246,32,197.1966774,30.11299478,6.570781404,1,7.6875,6.548557486,197.8659061
2024,11,NE,LAR,drakemaye,282,39,154.1465519,24.64831226,6.293229552,1,7.230769231,6.253838,155.1174872
2024,11,NO,CLE,derekcarr,248,27,237.8633593,31.38536518,7.571048961,0.9310344828,9.185185185,7.578798523,237.6201364
2024,11,NYJ,IND,aaronrodgers,184,29,207.1981618,32.47828119,6.362211942,1,6.344827586,6.379591352,206.6337084
2024,11,PHI,WAS,jalenhurts,221,28,234.3065082,30.66977748,7.624769752,1,7.892857143,7.639654653,233.8499916
2024,11,PIT,BAL,russellwilson,205,36,221.4762934,31.14983514,7.13170411,1,5.694444444,7.110030998,222.1514073
2024,11,SEA,SF,genosmith,221,32,244.6607437,33.88196891,7.253015609,1,6.90625,7.22097185,245.7464493
2024,11,SF,SEA,brockpurdy,159,28,262.0380769,29.86053353,8.778217075,1,5.678571429,8.775398357,262.1222453
2024,11,WAS,PHI,jaydendaniels,191,32,176.0092857,23.21344849,7.513980525,1,5.96875,7.582211911,174.4253999
2024,12,ARI,SEA,kylermurray,285,37,216.999891,30.8185439,7.033651367,1,7.702702703,7.041211671,216.7668934
2024,12,BAL,LAC,lamarjackson,177,22,259.9694721,30.36265207,8.523173073,1,8.045454545,8.562146399,258.7861386
2024,12,CHI,MIN,calebwilliams,340,47,209.9339817,32.5246951,6.459308301,0.9791666667,7.234042553,6.454602604,210.087033
2024,12,CLE,PIT,jameiswinston,219,27,186.4322175,26.94058366,6.934147367,1,8.111111111,6.92012541,186.8099772
2024,12,DAL,WAS,cooperrush,247,32,132.3691345,25.63344029,5.22206242,1,7.71875,5.163923882,133.8594252
2024,12,DEN,LV,bonix,273,42,199.858172,30.50255538,6.54435275,1,6.5,6.55217799,199.6194822
2024,12,DET,IND,jaredgoff,269,36,244.6700747,29.54670787,8.24694894,1,7.472222222,8.280789719,243.6701911
2024,12,GB,SF,jordanlove,163,23,227.3018764,29.8463007,7.634637654,1,7.086956522,7.615747045,227.8656912
2024,12,HOU,TEN,cjstroud,247,33,237.4166486,31.9049654,7.423234811,1,7.484848485,7.441369881,236.8380498
2024,12,KC,CAR,patrickmahomes,269,37,227.0052859,32.45430545,7.005231817,1,7.27027027,6.994612356,227.3499331
2024,12,LAC,BAL,justinherbert,218,36,219.8286887,30.57380588,7.197768558,1,6.055555556,7.190098922,220.0631786
2024,12,LAR,PHI,matthewstafford,243,36,257.307965,34.38581851,7.467042554,1,6.75,7.482967576,256.7603701
2024,12,MIA,NE,tuatagovailoa,317,40,249.0142072,32.46887695,7.706526133,1,7.925,7.669319995,250.2222487
2024,12,MIN,CHI,samdarnold,330,34,200.6529746,30.28995982,6.591657155,0.9714285714,9.705882353,6.624405441,199.6610304
2024,12,NE,MIA,drakemaye,222,37,158.1133097,24.86597096,6.38441004,0.9736842105,6,6.358621989,158.7545547
2024,12,NYG,TB,tommydevito,189,31,146.6803433,23.65659443,6.214336302,0.96875,6.096774194,6.200399797,147.0100336
2024,12,PHI,LAR,jalenhurts,179,22,238.7895442,31.31652094,7.613005841,1,8.136363636,7.625034233,238.4128568
2024,12,PIT,CLE,russellwilson,270,28,222.4791463,31.69526933,7.031143673,0.9655172414,9.642857143,7.019317108,222.8539924
2024,12,SEA,ARI,genosmith,254,31,242.4466772,33.73223321,7.217603506,1,8.193548387,7.18738886,243.4658847
2024,12,TB,NYG,bakermayfield,294,30,220.9403606,31.36491455,7.059269848,1,9.8,7.044188188,221.4133956
2024,12,WAS,DAL,jaydendaniels,275,38,225.3967041,30.40403295,7.389322901,1,7.236842105,7.413381787,224.6652169
2024,13,ARI,MIN,kylermurray,260,45,217.5434634,30.99654744,7.060744982,1,5.777777778,7.018312727,218.8587168
2024,13,ATL,LAC,kirkcousins,245,39,250.1225906,33.54039845,7.452837804,1,6.282051282,7.45735299,249.9711495
2024,13,BAL,PHI,lamarjackson,237,36,261.1294472,30.5503326,8.51202799,1,6.583333333,8.54751569,260.0452862
2024,13,BUF,SF,joshallen,148,17,223.3839142,30.18284863,7.436246777,0.9444444444,8.705882353,7.401021585,224.4471108
2024,13,CHI,DET,calebwilliams,256,39,211.1480137,32.49613336,6.514625387,1,6.564102564,6.497635007,211.7001354
2024,13,CIN,PIT,joeburrow,309,38,224.9333808,33.05554032,6.843931345,1,8.131578947,6.804710454,226.2298485
2024,13,CLE,DEN,jameiswinston,497,58,233.1132215,33.39779834,6.990020541,1,8.568965517,6.979897871,233.4512964
2024,13,DAL,NYG,cooperrush,195,36,158.7754132,29.38859916,5.387544687,1,5.416666667,5.402619307,158.3323912
2024,13,DEN,CLE,bonix,294,35,199.6801337,31.07737975,6.420069994,1,8.4,6.425256418,199.5189532
2024,13,DET,CHI,jaredgoff,221,34,256.9939737,31.47986428,8.224390773,1,6.5,8.16375736,258.9027053
2024,13,GB,MIA,jordanlove,274,28,229.4220833,30.01642362,7.619356657,1,9.785714286,7.643218467,228.7058371
2024,13,HOU,JAX,cjstroud,242,34,235.7430147,31.63320243,7.431351593,1,7.117647059,7.452391684,235.0774492
2024,13,KC,LV,patrickmahomes,306,46,229.9845312,32.54742432,7.021183471,1,6.652173913,7.066136137,228.5214377
2024,13,LAC,ATL,justinherbert,147,23,222.4526082,30.52598846,7.233215786,0.9583333333,6.391304348,7.287318754,220.8010616
2024,13,LAR,NO,matthewstafford,183,24,255.545561,34.41036499,7.446620838,1,7.625,7.426412392,256.240941
2024,13,LV,KC,aidanoconnell,340,35,150.6653264,23.58761966,6.36123004,1,9.714285714,6.387474809,150.0462747
2024,13,MIA,GB,tuatagovailoa,365,46,252.9662715,32.70039698,7.723227441,1,7.934782609,7.735877693,252.5526033
2024,13,MIN,ARI,samdarnold,235,31,202.6885269,30.29361255,6.713134244,1,7.580645161,6.690800793,203.3650877
2024,13,NE,IND,drakemaye,238,30,194.9532486,30.98749268,6.310087928,1,7.933333333,6.29135279,195.5338035
2024,13,NO,LAR,derekcarr,184,37,233.2707153,30.61231595,7.621292434,1,4.972972973,7.620159013,233.305412
2024,13,NYJ,SEA,aaronrodgers,185,39,203.5757437,32.26492775,6.338563207,1,4.743589744,6.309505643,204.5132839
2024,13,PHI,BAL,jalenhurts,118,19,239.9128286,31.27673199,7.638524878,1,6.210526316,7.670648862,238.9080954
2024,13,PIT,CIN,russellwilson,414,38,225.9855633,31.46524624,7.163399372,1,10.89473684,7.182068798,225.3981252
2024,13,SEA,NYJ,genosmith,206,31,246.0246141,33.81705556,7.259885028,1,6.64516129,7.275163671,245.5079353
2024,13,SF,BUF,brockpurdy,94,18,253.8085496,29.34159762,8.643296363,1,5.222222222,8.650127131,253.608124
2024,13,TB,CAR,bakermayfield,235,33,226.9145176,31.23467337,7.305644715,0.9705882353,7.121212121,7.264827616,228.1894264
2024,13,WAS,TEN,jaydendaniels,206,30,228.2840043,30.87074821,7.390054868,1,6.866666667,7.394832245,228.1365231
2024,14,ARI,SEA,kylermurray,259,38,219.0811829,31.39142235,6.972319598,1,6.815789474,6.979014217,218.8710293
2024,14,ATL,MIN,kirkcousins,344,37,248.7359927,33.87207193,7.372464649,1,9.297297297,7.343394676,249.7206529
2024,14,BUF,LAR,joshallen,342,37,220.1664161,29.54816513,7.448772493,1,9.243243243,7.451102806,220.0975596
2024,14,CHI,SF,calebwilliams,134,23,211.6000448,32.42330253,6.466323257,0.9583333333,5.826086957,6.526171867,209.6595552
2024,14,CIN,DAL,joeburrow,369,44,225.7792922,32.79893431,6.857100348,1,8.386363636,6.883738663,224.9055839
2024,14,CLE,PIT,jameiswinston,212,41,240.5339825,34.18121151,7.020021443,1,5.170731707,7.03702332,239.9528377
2024,14,DAL,CIN,cooperrush,183,31,179.7972446,33.79945354,5.351530194,1,5.903225806,5.319531111,180.8787962
2024,14,DET,GB,jaredgoff,283,41,258.2846318,31.68830828,8.129986977,1,6.902439024,8.15078639,257.6255336
2024,14,GB,DET,jordanlove,206,20,241.3166583,31.39445331,7.6673352,1,10.3,7.686601702,240.711797
2024,14,JAX,TEN,macjones,220,31,135.4796424,22.05275551,6.137283241,1,7.096774194,6.143433748,135.3440068
2024,14,KC,LAC,patrickmahomes,210,37,228.4076472,32.86408039,6.975186147,1,5.675675676,6.950069634,229.2330783
2024,14,LAC,KC,justinherbert,213,30,213.0747263,30.04462637,7.101270825,1,7.1,7.091941289,213.3550287
2024,14,LAR,BUF,matthewstafford,320,30,251.3280664,34.14656679,7.420173111,1,10.66666667,7.360273375,253.3734367
2024,14,MIA,NYJ,tuatagovailoa,331,47,250.9281823,32.84918233,7.693754093,1,7.042553191,7.638795382,252.733531
2024,14,MIN,ATL,samdarnold,347,28,204.8663935,30.35963107,6.711298365,1,12.39285714,6.747986924,203.7525424
2024,14,NO,NYG,derekcarr,219,31,243.4605207,32.37174879,7.478603035,1,7.064516129,7.520771344,242.0954588
2024,14,NYJ,MIA,aaronrodgers,339,39,203.0251452,32.48006894,6.206253261,1,8.692307692,6.250760906,201.5795338
2024,14,PHI,CAR,jalenhurts,108,21,236.9298087,31.27723197,7.554706518,1,5.142857143,7.575152718,236.2903082
2024,14,PIT,CLE,russellwilson,158,26,232.5431241,31.71433934,7.291236733,1,6.076923077,7.332428453,231.2367559
2024,14,SEA,ARI,genosmith,233,30,240.0421458,33.45585395,7.205112197,1,7.766666667,7.17489221,241.0531813
2024,14,SF,CHI,brockpurdy,325,25,245.333034,28.91614095,8.482556005,0.9615384615,13,8.484293754,245.282785
2024,14,TB,LV,bakermayfield,295,29,226.5371588,31.38073796,7.266239425,1,10.17241379,7.218987617,228.0199554
2024,14,TEN,JAX,willlevis,168,32,210.201219,30.47005323,6.932068063,1,5.25,6.898616731,211.2204829
2024,15,ARI,NE,kylermurray,224,30,226.8493509,31.68644253,7.129925591,0.9375,7.466666667,7.159192791,225.9219775
2024,15,ATL,LV,kirkcousins,112,17,255.8083548,34.09063519,7.470135997,1,6.588235294,7.50377203,254.6616811
2024,15,BAL,NYG,lamarjackson,290,25,260.0532186,30.770976,8.43839639,1,11.6,8.45125025,259.6576928
2024,15,BUF,DET,joshallen,362,34,223.4093111,29.57551842,7.535212649,1,10.64705882,7.553859512,222.8578205
2024,15,CHI,MIN,calebwilliams,191,31,205.6356335,31.82255415,6.470115755,0.96875,6.161290323,6.461946218,205.895609
2024,15,CIN,TEN,joeburrow,271,37,227.5211137,32.82852243,6.934395419,1,7.324324324,6.930592572,227.6459555
2024,15,DAL,CAR,cooperrush,214,29,191.4366291,35.45972463,5.416299566,1,7.379310345,5.398706027,192.0604911
2024,15,DEN,IND,bonix,130,33,208.8271487,31.44394887,6.637527958,1,3.939393939,6.64125074,208.7100897
2024,15,DET,BUF,jaredgoff,494,59,259.365671,31.99211657,8.112219591,1,8.372881356,8.107174481,259.5270748
2024,15,GB,SEA,jordanlove,229,27,241.4237152,30.74978827,7.791222554,1,8.481481481,7.851231789,239.5784439
2024,15,HOU,MIA,cjstroud,131,26,238.0481329,31.83798372,7.413409307,1,5.038461538,7.476859558,236.0280048
2024,15,IND,DEN,anthonyrichardson,172,38,244.5325732,32.44621281,7.5136605,1,4.526315789,7.5365521,243.7898275
2024,15,JAX,NYJ,macjones,294,46,184.6484417,29.62415933,6.213273455,1,6.391304348,6.233035666,184.0630028
2024,15,KC,CLE,patrickmahomes,159,38,229.5414826,33.04469777,6.954937295,0.95,4.184210526,6.946393768,229.8238009
2024,15,LAC,TB,justinherbert,195,33,211.6418331,29.96270396,7.125788857,0.9705882353,5.909090909,7.063509135,213.507902
2024,15,LAR,SF,matthewstafford,160,27,258.6804989,34.18523817,7.556683018,1,5.925925926,7.56702345,258.3270088
2024,15,MIA,HOU,tuatagovailoa,196,40,254.1787756,32.95026862,7.696197807,1,4.9,7.714012244,253.5917851
2024,15,MIN,CHI,samdarnold,231,40,209.6955356,30.32448907,6.931776039,1,5.775,6.915055853,210.2025667
2024,15,NE,ARI,drakemaye,202,23,197.583567,30.92362312,6.404529504,1,8.782608696,6.389405481,198.0512567
2024,15,NYJ,JAX,aaronrodgers,289,30,207.2203625,32.55138087,6.366170671,1,9.633333333,6.365946913,207.2276462
2024,15,PHI,PIT,jalenhurts,290,32,237.922738,31.82553261,7.496101152,1,9.0625,7.475844659,238.5674117
2024,15,PIT,PHI,russellwilson,128,22,231.9717303,31.84885173,7.269409781,1,5.818181818,7.283519428,231.5223543
2024,15,SF,LAR,brockpurdy,142,31,251.120163,28.75448278,8.669332354,1,4.580645161,8.733252651,249.2821679
2024,15,TB,LAC,bakermayfield,288,27,231.2117323,31.31587753,7.391014188,1,10.66666667,7.383211025,231.4560952
2024,15,WAS,NO,jaydendaniels,226,31,226.8138747,30.9042477,7.351633292,1,7.290322581,7.339245948,227.1966962
2024,16,ARI,CAR,kylermurray,202,32,221.4405176,31.06796795,7.135540067,1,6.3125,7.127615106,221.6867301
2024,16,BAL,PIT,lamarjackson,207,23,257.3809778,30.88172406,8.367042679,1,9,8.334410908,258.3887032
2024,16,BUF,NE,joshallen,154,29,228.5212076,29.75112455,7.63295633,1,5.310344828,7.681094784,227.0890345
2024,16,CHI,DET,calebwilliams,334,40,203.0217108,31.52904864,6.445697696,1,8.35,6.439195585,203.2267162
2024,16,CIN,CLE,joeburrow,252,30,228.1385431,33.0120638,6.941408524,1,8.4,6.91076282,229.150221
2024,16,DAL,TB,cooperrush,292,35,195.8913628,35.64298329,5.506415108,1,8.342857143,5.495930606,196.2650617
2024,16,DEN,LAC,bonix,263,40,204.3049883,31.38532113,6.49364447,1,6.575,6.509571384,203.805117
2024,16,DET,CHI,jaredgoff,336,32,272.0958596,33.49978413,8.114923792,1,10.5,8.122316807,271.8481952
2024,16,GB,NO,jordanlove,182,28,240.717322,30.73963476,7.809462668,0.9333333333,6.5,7.830845222,240.0600301
2024,16,HOU,KC,cjstroud,244,39,232.3400224,31.46406272,7.328259856,1,6.256410256,7.384298221,230.5768278
2024,16,IND,TEN,anthonyrichardson,131,11,238.6495589,32.57707034,7.355316477,1,11.90909091,7.325691243,239.6146623
2024,16,JAX,LV,macjones,247,39,187.7960663,30.08763375,6.213208027,1,6.333333333,6.241636276,186.9407275
2024,16,KC,HOU,patrickmahomes,260,41,225.6168689,32.93699628,6.856595211,1,6.341463415,6.84995277,225.8356509
2024,16,LAC,DEN,justinherbert,284,31,211.5246746,29.73480153,7.079247734,1,9.161290323,7.113707298,210.5000263
2024,16,LAR,NYJ,matthewstafford,110,19,254.6462393,34.00365975,7.496339924,1,5.789473684,7.488789181,254.9029922
2024,16,LV,JAX,aidanoconnell,257,38,152.8933944,23.63515044,6.455746055,1,6.763157895,6.468898719,152.5825292
2024,16,MIA,SF,tuatagovailoa,215,34,249.1104591,32.96114668,7.581746516,1,6.323529412,7.557700023,249.903059
2024,16,MIN,SEA,samdarnold,246,35,213.8214991,30.85818746,6.887232313,1,7.028571429,6.92916586,212.5275058
2024,16,NE,BUF,drakemaye,261,36,200.1537706,30.58343298,6.54193847,1,7.25,6.544516135,200.0749367
2024,16,NYG,ATL,drewlock,210,39,134.7445727,23.44730927,5.775649112,1,5.384615385,5.746696612,135.4234309
2024,16,NYJ,LAR,aaronrodgers,256,42,210.7010553,32.25807689,6.513200524,1,6.095238095,6.53173021,210.1033233
2024,16,PIT,BAL,russellwilson,217,33,225.9069757,31.34417727,7.201461293,1,6.575757576,7.207302771,225.7238794
2024,16,SEA,MIN,genosmith,314,43,216.7449451,29.6723006,7.262822382,1,7.302325581,7.304622182,215.5046489
2024,16,SF,MIA,brockpurdy,313,40,247.4004132,28.95876542,8.522152252,1,7.825,8.543196147,246.791008
2024,16,TB,DAL,bakermayfield,303,43,228.3859667,31.25503486,7.344333717,1,7.046511628,7.307173637,229.5474063
2024,16,WAS,PHI,jaydendaniels,258,39,226.8783355,30.94954784,7.339590969,1,6.615384615,7.330586432,227.1570218
2024,17,ARI,LAR,kylermurray,321,48,218.7938668,30.83850261,7.107186308,1,6.6875,7.094827838,219.1749835
2024,17,BAL,HOU,lamarjackson,168,15,264.4118546,30.90172543,8.552733568,0.8823529412,11.2,8.556540159,264.2942244
2024,17,BUF,NYJ,joshallen,182,27,222.0302633,29.64052371,7.558058573,0.9642857143,6.740740741,7.490767217,224.0248144
2024,17,CHI,SEA,calebwilliams,122,28,207.0654778,31.63483435,6.536415951,1,4.357142857,6.545489556,206.7784358
2024,17,CIN,DEN,joeburrow,412,49,228.8701933,32.66233569,6.988485057,1,8.408163265,7.007159424,228.2602449
2024,17,DAL,PHI,cooperrush,147,28,200.3953189,35.43935178,5.638286931,0.9655172414,5.25,5.654598879,199.817234
2024,17,DEN,CIN,bonix,219,31,204.9969426,31.41050839,6.497555736,1,7.064516129,6.526380918,204.0915289
2024,17,DET,SF,jaredgoff,303,34,274.8599492,33.5512997,8.191886929,1,8.911764706,8.192229561,274.8484535
2024,17,GB,MIN,jordanlove,185,30,238.5695454,30.46427149,7.764335715,1,6.166666667,7.831125898,236.5348312
2024,17,HOU,BAL,cjstroud,185,31,231.3256651,31.49756488,7.293709258,0.96875,5.967741935,7.344239658,229.7340806
2024,17,JAX,TEN,macjones,174,22,189.7328128,30.38639161,6.218245792,1,7.909090909,6.244006042,188.9500517
2024,17,KC,PIT,patrickmahomes,320,38,226.8109099,32.98473771,6.840003251,1,8.421052632,6.876238092,225.6157132
2024,17,LAC,NE,justinherbert,281,38,214.7559126,29.85543041,7.217899949,0.95,7.394736842,7.193194324,215.4935097
2024,17,LAR,ARI,matthewstafford,189,32,248.8677219,33.59174435,7.441304918,1,5.90625,7.408597758,249.9664124
2024,17,LV,NO,aidanoconnell,242,35,152.3023557,23.68434997,6.469145746,1,6.914285714,6.430506048,153.2175119
2024,17,MIN,GB,samdarnold,377,43,215.0789538,31.12685685,6.891816834,1,8.76744186,6.909754971,214.520596
2024,17,NE,LAC,drakemaye,117,22,202.3213477,30.85838091,6.583635092,0.9166666667,5.318181818,6.556447285,203.1603195
2024,17,NYG,IND,drewlock,309,23,145.6705804,25.36436316,5.749632267,1,13.43478261,5.743119961,145.8357609
2024,17,PIT,KC,russellwilson,205,37,226.9363587,31.6206805,7.176464387,1,5.540540541,7.176833489,226.9246875
2024,17,SEA,CHI,genosmith,160,23,213.9352066,29.57900873,7.264121874,1,6.956521739,7.232669916,214.8655243
2024,17,SF,DET,brockpurdy,377,35,248.8840319,29.18008021,8.498939879,0.875,10.77142857,8.529244268,247.9997474
2024,17,TB,CAR,bakermayfield,359,32,235.6468189,31.45250291,7.479801131,1,11.21875,7.492148385,235.2584668
2024,17,TEN,JAX,masonrudolph,193,31,202.7554047,28.69281127,7.056720194,1,6.225806452,7.066418234,202.4771407
2024,17,WAS,ATL,jaydendaniels,227,36,226.6810607,31.0881556,7.305142145,1,6.305555556,7.291557067,227.1033957
2024,18,ARI,SF,kylermurray,242,35,221.4112362,31.09381932,7.099191678,1,6.914285714,7.1207475,220.7409834
2024,18,BAL,CLE,lamarjackson,217,32,248.7552113,29.71612653,8.468259259,1,6.78125,8.371051022,251.6438636
2024,18,CHI,GB,calebwilliams,148,29,204.093651,31.53962065,6.445532966,0.9666666667,5.103448276,6.471024281,203.2896646
2024,18,CIN,PIT,joeburrow,277,46,232.8583291,33.01880328,7.038470233,1,6.02173913,7.052294633,232.401864
2024,18,DEN,KC,bonix,321,29,200.0965654,31.27037843,6.400871514,1,11.06896552,6.398917298,200.1576745
2024,18,DET,MIN,jaredgoff,231,33,275.4680932,33.6470102,8.220003342,1,7,8.187000614,276.5785363
2024,18,JAX,IND,macjones,225,32,201.5446934,32.1223072,6.293073493,1,7.03125,6.274290703,202.14804
2024,18,LAC,LV,justinherbert,346,36,214.7059992,29.99969461,7.159815239,1,9.611111111,7.156939495,214.7922707
2024,18,LV,LAC,aidanoconnell,214,34,193.1886666,29.88240544,6.495186888,0.9444444444,6.294117647,6.464963704,194.091808
2024,18,MIN,DET,samdarnold,166,41,219.4083208,31.36715825,6.956050348,1,4.048780488,6.994842156,218.191532
2024,18,NYG,PHI,drewlock,138,29,207.7526731,33.21298303,6.241194628,1,4.75862069,6.255164521,207.2886913
2024,18,NYJ,MIA,aaronrodgers,274,36,186.670861,28.77233314,6.490230426,0.972972973,7.611111111,6.48785971,186.739072
2024,18,PIT,CIN,russellwilson,148,31,227.6754506,31.81040196,7.120461447,1,4.774193548,7.157264183,226.5047407
2024,18,SEA,LAR,genosmith,223,27,212.4715907,29.12318376,7.260129602,1,8.259259259,7.295616868,211.4380885
2024,18,TB,NO,bakermayfield,221,32,242.6647371,31.84769213,7.602263515,1,6.90625,7.619539152,242.1145479
2025,1,ARI,NO,kylermurray,163,29,226.4094296,31.20849265,7.31042797,1,5.620689655,7.254737747,228.1474376
2025,1,ATL,TB,michaelpenixjr,298,42,210.9137149,27.17564959,7.816228461,1,7.095238095,7.761128733,212.4110858
2025,1,BUF,BAL,joshallen,394,46,225.2766789,30.17426654,7.446047097,1,8.565217391,7.465854343,224.6790098
2025,1,CAR,JAX,bryceyoung,154,35,194.0208814,30.57123079,6.347148791,1,4.4,6.346518487,194.0401506
2025,1,CHI,MIN,calebwilliams,210,35,209.8239544,31.44109654,6.634069507,1,6,6.673557144,208.5824198
2025,1,CIN,CLE,joeburrow,113,23,245.7174419,33.19002942,7.441277864,1,4.913043478,7.403351133,246.9762313
2025,1,CLE,CIN,joeflacco,290,45,245.5350904,34.2928366,7.168819924,1,6.444444444,7.15995277,245.8391702
2025,1,DAL,PHI,dakprescott,188,34,200.0972718,28.62924967,7.024964302,1,5.529411765,6.989260078,201.1194569
2025,1,DEN,TEN,bonix,176,40,214.6022981,31.13708489,6.922923403,1,4.4,6.892176928,215.5596537
2025,1,DET,GB,jaredgoff,225,39,280.6729638,33.57540704,8.337706777,1,5.769230769,8.359480601,279.9418988
2025,1,GB,DET,jordanlove,188,22,210.4369003,26.6740378,7.891699162,1,8.545454545,7.889203048,210.5034818
2025,1,HOU,LAR,cjstroud,188,27,177.5472818,25.05637128,7.081142934,1,6.962962963,7.085913594,177.4277464
2025,1,IND,MIA,danieljones,272,29,201.4157408,30.68428234,6.544680497,1,9.379310345,6.564133994,200.8188242
2025,1,JAX,CAR,trevorlawrence,178,31,188.9564416,26.11849976,7.199513143,1,5.741935484,7.234582512,188.0404823
2025,1,KC,LAC,patrickmahomes,258,39,225.5454231,32.39752496,7.001022984,1,6.615384615,6.961810305,226.8158168
2025,1,LAC,KC,justinherbert,318,34,227.3962381,30.24785787,7.51231128,1,9.352941176,7.517763374,227.2313239
2025,1,LV,NE,genosmith,362,34,223.9021656,30.26114508,7.457078336,1,10.64705882,7.398998452,225.6597294
2025,1,NO,ARI,spencerrattler,214,46,197.6952786,30.26986111,6.515598086,1,4.652173913,6.531093018,197.2262491
2025,1,PIT,NYJ,aaronrodgers,244,30,198.1308093,28.22990672,7.001026763,1,8.133333333,7.01847198,197.6383325
2025,1,SEA,SF,samdarnold,150,23,252.7012282,32.42624682,7.821348722,1,6.52173913,7.793107527,253.6169842
2025,1,SF,SEA,brockpurdy,277,35,232.8345558,28.83276725,8.03749781,1,7.914285714,8.075345451,231.7433036
2025,1,TB,ATL,bakermayfield,167,32,245.5358012,31.57904771,7.76035278,1,5.21875,7.775275666,245.0645507
2025,1,WAS,NYG,jaydendaniels,233,30,190.9751516,26.41308195,7.227998961,1,7.766666667,7.230324426,190.9137289
2025,2,ARI,CAR,kylermurray,220,25,216.9021893,29.7789891,7.285183092,1,8.8,7.283732453,216.9453879
2025,2,ATL,MIN,michaelpenixjr,135,21,262.3751735,33.82013504,7.759008969,1,6.428571429,7.757957595,262.4107311
2025,2,BAL,CLE,lamarjackson,225,29,247.0386334,28.27438713,8.727735174,1,7.75862069,8.737187909,246.7713631
2025,2,BUF,NYJ,joshallen,148,25,282.3084555,37.58587253,7.503784466,0.9259259259,5.92,7.511025726,282.0362864
2025,2,CAR,ARI,bryceyoung,328,55,189.6359744,30.15016492,6.296977911,1,5.963636364,6.289715989,189.8549225
2025,2,CHI,DET,calebwilliams,207,30,187.1487413,28.37516832,6.598792269,0.9090909091,6.9,6.595511231,187.2418413
2025,2,CLE,BAL,joeflacco,199,45,244.0091988,34.26687375,7.119532851,0.9375,4.422222222,7.12084798,243.9641334
2025,2,DAL,NYG,dakprescott,361,52,219.3865265,32.29561507,6.789000206,1,6.942307692,6.793074725,219.2549374
2025,2,DEN,IND,bonix,206,30,240.2637013,35.38563392,6.776537113,1,6.866666667,6.789865679,239.7920615
2025,2,DET,CHI,jaredgoff,334,28,276.0897801,33.73454774,8.188640921,1,11.92857143,8.184185015,276.2400981
2025,2,GB,WAS,jordanlove,292,31,212.0331813,26.75079547,7.773532803,1,9.419354839,7.926238364,207.9481861
2025,2,HOU,TB,cjstroud,207,24,203.5068044,28.36939124,7.146974261,1,8.625,7.173463916,202.755309
2025,2,IND,DEN,danieljones,316,34,207.0767292,31.66640567,6.579175509,1,9.294117647,6.539319029,208.3388407
2025,2,JAX,CIN,trevorlawrence,271,42,224.7446086,31.69303598,7.115794249,1,6.452380952,7.091293139,225.5211232
2025,2,KC,PHI,patrickmahomes,187,29,203.4173148,28.98458784,7.050162936,1,6.448275862,7.018119973,204.3460669
2025,2,LAC,LV,justinherbert,242,27,222.286668,29.82201967,7.470152504,1,8.962962963,7.453776453,222.7750349
2025,2,LAR,TEN,matthewstafford,298,33,243.6558311,32.50437904,7.436790703,1,9.03030303,7.496092473,241.7282639
2025,2,LV,LAC,genosmith,180,43,247.6356517,32.38532767,7.646745216,1,4.186046512,7.646538404,247.6423494
2025,2,MIA,NE,tuatagovailoa,315,32,157.0828875,22.17970171,7.094026878,1,9.84375,7.082281341,157.3434
2025,2,MIN,ATL,jjmccarthy,158,21,214.1319879,28.97895743,7.372918213,1,7.523809524,7.389223315,213.659483
2025,2,NE,MIA,drakemaye,230,23,234.0942926,36.30939108,6.469065774,1,10,6.447210644,234.8878391
2025,2,NO,SF,spencerrattler,207,34,241.465794,38.56169282,6.257251384,1,6.088235294,6.26180482,241.2902058
2025,2,NYG,DAL,russellwilson,450,41,211.6960134,29.58772176,7.184647673,1,10.97560976,7.154860221,212.5773563
2025,2,PHI,KC,jalenhurts,101,22,179.1694525,23.74262884,7.566503361,1,4.590909091,7.546319059,179.6486809
2025,2,PIT,SEA,aaronrodgers,203,33,232.6346373,32.89593472,7.069654,0.9428571429,6.151515152,7.071835449,232.5628765
2025,2,SEA,PIT,samdarnold,295,33,234.8000654,30.90906193,7.591983626,1,8.939393939,7.596479826,234.6610921
2025,2,TB,HOU,bakermayfield,215,38,220.7267766,29.45488413,7.460610348,1,5.657894737,7.493724153,219.7514133
2025,2,TEN,LAR,camward,175,33,224.6085051,32.39903336,6.918418213,1,5.303030303,6.9325681,224.1500625
2025,2,WAS,GB,jaydendaniels,200,42,233.576721,32.7576068,7.11647214,1,4.761904762,7.130457436,233.1185962
2025,3,ARI,SF,kylermurray,159,35,203.437364,27.83400413,7.293887233,1,4.542857143,7.308950699,203.0180874
2025,3,ATL,CAR,michaelpenixjr,172,36,250.0888904,32.92850415,7.646519662,0.8372093023,4.777777778,7.594905899,251.7884544
2025,3,BAL,DET,lamarjackson,288,27,249.4003215,28.59712149,8.6665664,0.9642857143,10.66666667,8.72116872,247.8388523
2025,3,BUF,MIA,joshallen,213,28,249.555911,33.08367814,7.553098126,1,7.607142857,7.5431731,249.8842674
2025,3,CAR,ATL,bryceyoung,121,24,219.4641549,35.24878719,6.212247224,1,5.041666667,6.226147687,218.9741804
2025,3,CHI,DAL,calebwilliams,298,28,188.7161871,28.64601385,6.608196952,1,10.64285714,6.587869017,189.2985014
2025,3,CIN,MIN,jakebrowning,140,27,171.1400469,23.14890331,7.335537102,1,5.185185185,7.393008842,169.8096391
2025,3,CLE,GB,joeflacco,142,36,240.1548977,34.59337534,6.930917246,1,3.944444444,6.942222186,239.7638217
2025,3,DAL,CHI,dakprescott,251,40,249.0838592,36.62729274,6.781823728,0.8888888889,6.275,6.800498767,248.399843
2025,3,DEN,LAC,bonix,153,25,211.315349,31.8904252,6.638730925,1,6.12,6.626294496,211.711952
2025,3,DET,BAL,jaredgoff,202,28,264.974728,31.54159975,8.389085758,1,7.214285714,8.400801801,264.6051852
2025,3,GB,CLE,jordanlove,183,25,226.3937951,28.99134,7.847318912,1,7.32,7.809014523,227.5042907
2025,3,HOU,JAX,cjstroud,204,38,196.1630996,27.41246755,7.154926829,1,5.368421053,7.155981096,196.1341995
2025,3,IND,TEN,danieljones,228,25,219.3314115,32.0003766,6.849486053,1,9.12,6.854025947,219.1861332
2025,3,JAX,HOU,trevorlawrence,222,40,226.4116593,32.97194924,6.930176697,1,5.55,6.866796307,228.5014343
2025,3,KC,NYG,patrickmahomes,224,37,194.8584968,27.73345419,7.012904769,1,6.054054054,7.0261171,194.4920732
2025,3,LAC,DEN,justinherbert,300,47,218.0089303,28.84728797,7.535945072,1,6.382978723,7.557345791,217.3915776
2025,3,LAR,PHI,matthewstafford,196,33,240.507566,31.97351895,7.517990085,0.9705882353,5.939393939,7.522086212,240.3765984
2025,3,LV,WAS,genosmith,289,29,249.2221193,33.42667355,7.447155096,1,9.965517241,7.455785839,248.9336223
2025,3,MIA,BUF,tuatagovailoa,146,34,192.1526347,26.43011564,7.239460193,1,4.294117647,7.270215433,191.3397701
2025,3,NE,PIT,drakemaye,268,37,195.5485447,30.0802513,6.465459734,1,7.243243243,6.500894648,194.4826536
2025,3,NO,SEA,spencerrattler,218,39,223.7959767,36.14103385,6.229246999,0.9512195122,5.58974359,6.192295928,225.1314266
2025,3,NYG,KC,russellwilson,160,32,230.9687745,31.30686959,7.387927597,1,5,7.377574875,231.2928858
2025,3,PHI,LAR,jalenhurts,226,32,196.2241336,26.77832629,7.393863488,1,7.0625,7.327722108,197.995289
2025,3,PIT,NE,aaronrodgers,139,23,222.0219853,31.61319068,7.011317206,1,6.043478261,7.023080571,221.6501078
2025,3,SEA,NO,samdarnold,218,18,253.1277527,32.43364341,7.805841425,0.8571428571,12.11111111,7.804480969,253.1718773
2025,3,SF,ARI,macjones,284,41,222.3304006,33.6717278,6.566525523,1,6.926829268,6.602880668,221.10626
2025,3,TB,NYJ,bakermayfield,233,29,241.1481233,32.13998006,7.496929012,1,8.034482759,7.503057652,240.9511489
2025,3,TEN,IND,camward,219,38,221.1997164,32.95294081,6.706468177,1,5.763157895,6.712594109,220.9978489
2025,4,ARI,SEA,kylermurray,200,41,204.3151205,28.40010318,7.149096175,1,4.87804878,7.194168246,203.035069
2025,4,ATL,WAS,michaelpenixjr,313,26,237.1824608,31.89822625,7.441609527,1,12.03846154,7.435600305,237.3741444
2025,4,BUF,NO,joshallen,209,22,238.7200757,31.71898946,7.555942586,1,9.5,7.526093352,239.6668632
2025,4,CAR,NE,bryceyoung,150,30,197.3547134,32.1672105,6.150637721,0.8333333333,5,6.135275964,197.8488583
2025,4,CHI,LV,calebwilliams,212,37,203.711874,29.77827372,6.820547488,1,5.72972973,6.840956461,203.10413
2025,4,CIN,DEN,jakebrowning,125,25,188.8258915,26.89916891,7.066743112,1,5,7.019766749,190.0895166
2025,4,CLE,DET,joeflacco,184,34,233.222783,34.48065138,6.744262696,0.9714285714,5.411764706,6.763874048,232.5465708
2025,4,DAL,GB,dakprescott,319,40,236.8229909,35.11759608,6.744628215,1,7.975,6.743713048,236.8551293
2025,4,DEN,CIN,bonix,326,42,201.0988705,29.95543074,6.739782849,1,7.761904762,6.713269198,201.8930983
2025,4,DET,CLE,jaredgoff,168,27,266.1397163,31.95474807,8.327254176,1,6.222222222,8.32864386,266.0953093
2025,4,GB,DAL,jordanlove,337,43,233.272387,29.64366557,7.971285737,1,7.837209302,7.869215313,236.2981285
2025,4,HOU,TEN,cjstroud,233,28,199.4249925,28.19376453,7.06090021,1,8.321428571,7.073372279,199.0733579
2025,4,IND,LAR,danieljones,262,33,207.6131108,30.34932955,6.829607051,1,7.939393939,6.840780798,207.2739951
2025,4,JAX,SF,trevorlawrence,174,31,235.6612852,33.82368777,6.991524197,1,5.612903226,6.967344506,236.4791315
2025,4,KC,BAL,patrickmahomes,270,37,204.6606389,29.8101699,6.896658699,1,7.297297297,6.865463685,205.5905676
2025,4,LAC,NYG,justinherbert,203,41,247.2271992,32.29381438,7.620962967,1,4.951219512,7.655558933,246.1099635
2025,4,LAR,IND,matthewstafford,375,41,245.2167839,32.73697002,7.509255138,1,9.146341463,7.490515577,245.8302603
2025,4,LV,CHI,genosmith,117,21,255.654104,33.7486271,7.579700472,1,5.571428571,7.575244564,255.8044848
2025,4,MIA,NYJ,tuatagovailoa,177,25,201.0254489,28.40128496,7.084442164,1,7.08,7.078040631,201.2072607
2025,4,NE,CAR,drakemaye,203,17,206.646555,31.09362164,6.697713219,0.9444444444,11.94117647,6.645946793,208.2561607
2025,4,NO,BUF,spencerrattler,126,27,225.7513075,35.68022262,6.308460058,0.9642857143,4.666666667,6.327071159,225.0872593
2025,4,PHI,TB,jalenhurts,130,24,215.2755876,29.16490464,7.376423305,1,5.416666667,7.381323213,215.1326823
2025,4,PIT,MIN,aaronrodgers,200,22,209.7566618,29.96750961,6.960378314,1,9.090909091,6.999469244,208.585204
2025,4,SEA,ARI,samdarnold,242,26,243.561084,30.30106103,8.032434566,1,9.307692308,8.038038131,243.39129
2025,4,TB,PHI,bakermayfield,289,40,237.6615087,31.73479421,7.525221315,1,7.225,7.488988495,238.8113498
2025,4,TEN,HOU,camward,108,26,217.6575296,32.93994945,6.608059432,1,4.153846154,6.607706851,217.6691436
2025,5,ARI,TEN,kylermurray,220,31,208.1128399,29.78996164,7.021376696,0.96875,7.096774194,6.986005634,209.1665425
2025,5,BUF,NE,joshallen,253,31,234.7403631,30.54767134,7.638978347,1,8.161290323,7.684394679,233.3529999
2025,5,CAR,MIA,bryceyoung,198,30,187.5293706,30.86641605,6.078938726,1,6.6,6.075514898,187.6350519
2025,5,CIN,DET,jakebrowning,251,40,186.0610141,27.38162286,6.873678749,1,6.275,6.795105425,188.2124792
2025,5,DAL,NYJ,dakprescott,237,29,242.4812411,35.13067635,6.927239473,1,8.172413793,6.902265093,243.358608
2025,5,DEN,PHI,bonix,242,39,216.2555722,31.98123506,6.776721836,1,6.205128205,6.761951871,216.727934
2025,5,DET,CIN,jaredgoff,258,23,262.2591824,31.84252313,8.289913824,0.9583333333,11.2173913,8.236130703,263.9717727
2025,5,HOU,BAL,cjstroud,244,27,207.3785696,29.00389095,7.109759518,0.8709677419,9.037037037,7.150025836,206.2106897
2025,5,IND,LV,danieljones,212,29,214.8446499,30.70145481,7.003340035,0.90625,7.310344828,6.997865449,215.0127276
2025,5,JAX,KC,trevorlawrence,221,25,227.8717572,33.58538446,6.770257518,1,8.84,6.784848853,227.3817016
2025,5,KC,JAX,patrickmahomes,318,41,212.740375,30.88354473,6.90252352,1,7.756097561,6.888470119,213.1743939
2025,5,LAC,WAS,justinherbert,166,29,243.9403014,32.61924275,7.473308685,0.8787878788,5.724137931,7.478417059,243.7736701
2025,5,LAR,SF,matthewstafford,389,47,253.7975807,33.46616028,7.581373845,1,8.276595745,7.5837078,253.7194722
2025,5,LV,IND,genosmith,228,36,238.3251605,31.74472404,7.465119768,1,6.333333333,7.50755181,236.978167
2025,5,MIA,CAR,tuatagovailoa,256,36,200.1975225,28.31400162,7.070052947,1,7.111111111,7.070619168,200.1814906
2025,5,MIN,CLE,carsonwentz,236,34,206.8023476,27.54540909,7.555756906,0.9714285714,6.941176471,7.507688375,208.126415
2025,5,NE,BUF,drakemaye,273,30,201.286364,29.15524588,6.882720979,1,9.1,6.903950144,200.6674224
2025,5,NO,NYG,spencerrattler,225,31,214.0010461,34.6755293,6.195216788,0.96875,7.258064516,6.171529331,214.8224213
2025,5,PHI,DEN,jalenhurts,280,38,204.0182252,28.64370287,7.118982996,1,7.368421053,7.122620498,203.9140337
2025,5,SEA,TB,samdarnold,341,34,250.2005094,31.11864802,8.082030344,1,10.02941176,8.040211429,251.5018575
2025,5,SF,LAR,macjones,342,49,224.6952422,34.39858069,6.570801165,1,6.979591837,6.532107943,226.0262341
2025,5,TB,SEA,bakermayfield,379,33,236.8231857,32.22894097,7.346122277,1,11.48484848,7.348152889,236.7577412
2025,5,TEN,ARI,camward,265,39,201.391734,31.82201037,6.33817439,1,6.794871795,6.328692992,201.6934512
2025,5,WAS,LAC,jaydendaniels,231,26,216.4759039,30.41126587,7.099758091,1,8.884615385,7.118279945,215.9126309
2025,6,ATL,BUF,michaelpenixjr,250,32,245.8978617,31.75122235,7.744023329,1,7.8125,7.744516385,245.8822066
2025,6,BUF,ATL,joshallen,180,26,225.7726329,29.4454882,7.674454975,1,6.923076923,7.667477997,225.9780734
2025,6,CAR,DAL,bryceyoung,199,25,191.8409706,31.23374838,6.114355796,1,7.96,6.142105272,190.9742504
2025,6,CHI,WAS,calebwilliams,252,29,201.5010886,30.22634361,6.627714864,1,8.689655172,6.666406338,200.3315868
2025,6,CLE,PIT,dillongabriel,221,52,154.3761685,24.57900046,6.205308202,1,4.25,6.280815558,152.5202732
2025,6,DAL,CAR,dakprescott,261,34,237.6249622,34.16105679,7.004495869,1,7.676470588,6.95601906,239.2809812
2025,6,DEN,NYJ,bonix,174,30,220.3740728,32.51882917,6.76010772,1,5.8,6.776814493,219.8307881
2025,6,DET,KC,jaredgoff,203,29,260.7375451,31.32378111,8.361752281,1,7,8.323948639,261.9216981
2025,6,GB,CIN,jordanlove,259,26,253.2586418,31.68392986,7.961549666,1,9.961538462,7.993283752,252.2531812
2025,6,IND,ARI,danieljones,212,30,216.4774402,30.77472255,7.02856394,1,7.066666667,7.034261313,216.3021052
2025,6,JAX,SEA,trevorlawrence,258,42,222.0840712,31.62052635,7.01101038,1,6.142857143,7.02341475,221.6918385
2025,6,KC,DET,patrickmahomes,257,30,212.5153152,30.68526495,6.953774532,1,8.566666667,6.925647068,213.3784139
2025,6,LAC,MIA,justinherbert,264,38,235.1961068,31.39264834,7.474625663,1,6.947368421,7.492075988,234.6482949
2025,6,LAR,BAL,matthewstafford,181,26,256.620211,34.01275327,7.553595605,1,6.961538462,7.544823231,256.9185836
2025,6,LV,TEN,genosmith,174,23,238.1146239,32.0985851,7.421829804,1,7.565217391,7.418228036,238.2302356
2025,6,MIA,LAC,tuatagovailoa,205,32,214.765425,30.09034104,7.082612726,0.9696969697,6.40625,7.137354298,213.1182324
2025,6,NE,NO,drakemaye,261,26,207.2289293,29.5596546,6.998910323,1,10.03846154,7.01053284,206.8853717
2025,6,NO,NE,spencerrattler,227,26,217.0457264,34.60754129,6.266635951,1,8.730769231,6.271630932,216.8728624
2025,6,NYG,PHI,jaxsondart,195,25,145.094067,22.24622414,6.495686473,0.9615384615,7.8,6.52218849,144.5044972
2025,6,NYJ,DEN,justinfields,45,17,167.5632023,26.1859495,6.414927112,1,2.647058824,6.398973706,167.9809574
2025,6,PHI,NYG,jalenhurts,283,33,213.8681369,29.33969651,7.279832644,1,8.575757576,7.289377954,213.5880804
2025,6,PIT,CLE,aaronrodgers,235,30,212.8436008,29.86043691,7.063872604,1,7.833333333,7.127946634,210.9303222
2025,6,SEA,JAX,samdarnold,295,27,253.0960928,31.07890164,8.185367421,1,10.92592593,8.143662724,254.392229
2025,6,SF,TB,macjones,347,39,233.2478357,35.38247242,6.604037369,1,8.897435897,6.592185899,233.66717
2025,6,TB,SF,bakermayfield,256,23,239.592862,31.34291182,7.69659088,1,11.13043478,7.644243886,241.2335693
2025,6,TEN,LV,camward,222,38,211.3594076,32.7830471,6.406317144,1,5.842105263,6.447216665,210.0185967
2025,6,WAS,CHI,jaydendaniels,211,26,216.3140196,29.71238861,7.205418854,1,8.115384615,7.280263543,214.0902051
2025,7,ATL,SF,michaelpenixjr,241,38,244.4580105,31.95616871,7.66334595,1,6.342105263,7.649790959,244.8911761
2025,7,CHI,NO,calebwilliams,172,26,209.1451424,30.66969092,6.789991783,1,6.615384615,6.819277798,208.2469494
2025,7,CIN,PIT,joeflacco,342,47,203.820857,31.3806649,6.487037488,1,7.276595745,6.495109573,203.5675496
2025,7,CLE,MIA,dillongabriel,116,18,150.9389351,25.45554435,5.932584368,1,6.444444444,5.929511191,151.0171645
2025,7,DAL,WAS,dakprescott,264,30,232.8525805,33.32080984,6.970128868,1,8.8,6.988202917,232.2503386
2025,7,DEN,NYG,bonix,279,50,213.4100775,32.08872348,6.654679427,1,5.58,6.650625341,213.540168
2025,7,DET,TB,jaredgoff,241,29,255.1810186,30.89904235,8.238067416,1,8.310344828,8.258541337,254.548394
2025,7,GB,ARI,jordanlove,179,29,244.3220271,30.57581978,7.992057954,1,6.172413793,7.990694243,244.3637237
2025,7,HOU,SEA,cjstroud,229,49,204.0444483,28.48345507,7.147409994,1,4.673469388,7.163612977,203.5829314
2025,7,IND,LAC,danieljones,288,34,214.4931561,30.65460603,6.968508849,1,8.470588235,6.997093876,213.6168933
2025,7,JAX,LAR,trevorlawrence,296,48,218.6055787,32.27953602,6.771566599,1,6.166666667,6.772265208,218.5830279
2025,7,KC,LV,patrickmahomes,286,35,212.1945981,30.48048068,6.965300777,1,8.171428571,6.961655243,212.3057157
2025,7,LAC,IND,justinherbert,420,55,229.9991085,31.48573636,7.318230114,1,7.636363636,7.304866745,230.419864
2025,7,LAR,JAX,matthewstafford,182,33,251.31799,33.42599747,7.464896883,1,5.515151515,7.518638455,249.5216243
2025,7,LV,KC,genosmith,67,16,233.5251025,31.70886436,7.366560388,0.8888888889,4.1875,7.364663074,233.5852642
2025,7,MIN,PHI,carsonwentz,313,42,211.503423,28.50333247,7.396557091,1,7.452380952,7.420305089,210.8265259
2025,7,NE,TEN,drakemaye,222,23,206.5391653,29.20772091,7.075284709,0.9583333333,9.652173913,7.071389305,206.6529411
2025,7,NO,CHI,spencerrattler,233,32,209.8683503,33.07569359,6.324784296,1,7.28125,6.345092952,209.1966274
2025,7,NYG,DEN,jaxsondart,283,33,149.3709334,22.97771826,6.509357484,1,8.575757576,6.50068609,149.5701823
2025,7,PHI,MIN,jalenhurts,326,23,214.9743621,29.55789406,7.276951289,1,14.17391304,7.272993186,215.0913553
2025,7,PIT,CIN,aaronrodgers,249,34,210.6492225,29.87103144,7.035784318,1,7.323529412,7.051956772,210.1661346
2025,7,SEA,HOU,samdarnold,213,31,255.3510474,30.81504492,8.248151229,0.96875,6.870967742,8.286570671,254.1671506
2025,7,SF,ATL,macjones,152,26,233.3449262,35.17158914,6.650741558,1,5.846153846,6.634472081,233.9171496
2025,7,TB,DET,bakermayfield,228,50,236.3891113,31.00483075,7.635069907,1,4.56,7.624267108,236.7240503
2025,7,TEN,NE,camward,255,34,206.4802364,32.98667547,6.249758918,1,7.5,6.259504283,206.1587692
2025,8,BUF,CAR,joshallen,163,19,224.2118582,29.4206254,7.586553773,0.8260869565,8.578947368,7.620907278,223.2011566
2025,8,CHI,BAL,calebwilliams,285,38,217.4731776,31.73877335,6.790094473,1,7.5,6.851971725,215.5092695
2025,8,CIN,NYJ,joeflacco,223,34,211.9724041,32.24057778,6.60328096,1,6.558823529,6.574708604,212.8935934
2025,8,CLE,NE,dillongabriel,156,35,155.8532234,26.17103812,5.941797261,1,4.457142857,5.955179258,155.5030026
2025,8,DAL,DEN,dakprescott,188,31,236.1561135,33.75917803,6.92437404,0.8857142857,6.064516129,6.995315861,233.7611759
2025,8,DEN,DAL,bonix,247,29,218.8797692,33.16000329,6.615644075,1,8.517241379,6.600716149,219.3747793
2025,8,GB,PIT,jordanlove,360,37,233.4616777,30.16525131,7.759038511,1,9.72972973,7.739424256,234.0533466
2025,8,HOU,SF,cjstroud,318,39,211.1337348,29.88255965,7.042997527,1,8.153846154,7.065450126,210.4627937
2025,8,IND,TEN,danieljones,272,29,218.1939715,30.91823343,7.041506489,0.935483871,9.379310345,7.057129316,217.7109413
2025,8,KC,WAS,patrickmahomes,299,34,216.1960482,30.85782413,7.025430957,1,8.794117647,7.006198727,216.7895129
2025,8,LAC,MIN,justinherbert,227,25,235.410889,31.91870155,7.339751847,1,9.08,7.375327868,234.2753486
2025,8,MIA,ATL,tuatagovailoa,205,26,194.1278367,28.43616516,6.882891085,0.962962963,7.884615385,6.826793825,195.7230277
2025,8,MIN,LAC,carsonwentz,144,27,218.6793922,29.49203688,7.415947941,0.8709677419,5.333333333,7.414862295,218.7114102
2025,8,NE,CLE,drakemaye,282,24,203.7493253,28.18107534,7.195013211,1,11.75,7.230005346,202.7632093
2025,8,NYG,PHI,jaxsondart,193,24,219.4978706,31.53983963,6.919837725,1,8.041666667,6.959384487,218.2505721
2025,8,PHI,NYG,jalenhurts,179,20,224.4734465,29.6537026,7.584509033,1,8.95,7.569828616,224.9087752
2025,8,PIT,GB,aaronrodgers,219,36,215.2676839,30.40466023,7.05690302,1,6.083333333,7.080088456,214.5627386
2025,8,TB,NO,bakermayfield,152,24,243.9587817,31.80852851,7.658104125,1,6.333333333,7.669602876,243.5930234
2025,8,TEN,IND,camward,259,38,206.8255298,32.88958907,6.302417519,1,6.815789474,6.288480207,207.2839223
2025,9,ATL,NE,michaelpenixjr,221,37,241.7928543,31.82036395,7.64267023,1,5.972972973,7.598682864,243.1925483
2025,9,BAL,MIA,lamarjackson,204,23,225.7719271,26.11295721,8.678232779,1,8.869565217,8.64597316,226.6143212
2025,9,BUF,KC,joshallen,273,26,218.1193685,28.44366961,7.664174672,1,10.5,7.668467941,217.9972522
2025,9,CAR,GB,bryceyoung,102,20,183.7720671,29.84883768,6.151822193,1,5.1,6.156757898,183.6247421
2025,9,CHI,CIN,calebwilliams,280,34,219.5082843,31.91001954,6.855433283,0.9189189189,8.235294118,6.878976807,218.75701
2025,9,CIN,CHI,joeflacco,470,47,211.8876926,32.31379982,6.578592375,1,10,6.557188995,212.5793171
2025,9,DAL,ARI,dakprescott,250,39,228.9336691,32.52728648,7.056220315,1,6.41025641,7.038203732,229.5196997
2025,9,DEN,HOU,bonix,173,37,223.0067088,33.18976652,6.727914259,1,4.675675676,6.719140631,223.2979034
2025,9,DET,MIN,jaredgoff,284,37,260.0977434,31.22859565,8.283373106,1,7.675675676,8.328832532,258.6781093
2025,9,GB,CAR,jordanlove,273,37,246.8233674,30.61096266,8.030657131,1,7.378378378,8.063234409,245.8261455
2025,9,IND,PIT,danieljones,342,50,214.6867813,30.1279178,7.171951945,1,6.84,7.125841974,216.0759787
2025,9,JAX,LV,trevorlawrence,220,34,230.4988082,33.23255329,6.919616543,1,6.470588235,6.935934358,229.9565255
2025,9,KC,BUF,patrickmahomes,250,34,219.6555224,30.97866203,7.132163198,1,7.352941176,7.090542585,220.9448733
2025,9,LAC,TEN,justinherbert,250,29,231.3979236,31.17397164,7.44529915,1,8.620689655,7.422792524,232.0995445
2025,9,LAR,NO,matthewstafford,281,32,247.5102852,33.35144987,7.422288538,1,8.78125,7.421275124,247.5440841
2025,9,LV,JAX,genosmith,284,39,215.565219,29.43747871,7.270503565,1,7.282051282,7.322815284,214.0252939
2025,9,MIA,BAL,tuatagovailoa,261,40,197.0426114,28.26747712,6.95766656,1,6.525,6.970647241,196.6756803
2025,9,MIN,DET,jjmccarthy,143,25,226.1680214,31.19655288,7.25513912,1,5.72,7.249776034,226.3353312
2025,9,NE,ATL,drakemaye,259,29,211.1396042,28.60848093,7.417841289,1,8.931034483,7.380315113,212.2131711
2025,9,NYG,SF,jaxsondart,191,33,226.1412748,31.41126581,7.178124181,1,5.787878788,7.199368412,225.4739666
2025,9,PIT,IND,aaronrodgers,203,35,215.1224407,30.75260082,7.049047255,1,5.8,6.995260077,216.7765364
2025,9,SEA,WAS,samdarnold,330,24,262.0903292,32.03289422,8.230436879,1,13.75,8.181912238,263.6447139
2025,9,TEN,LAC,camward,145,21,209.4178895,32.85804652,6.395721737,1,6.904761905,6.373412655,210.1509224
2025,9,WAS,SEA,jaydendaniels,153,22,195.8333755,27.01396044,7.224747173,1,6.954545455,7.249339687,195.1690343
2025,10,ARI,SEA,jacobybrissett,258,44,137.5082265,23.95191403,5.752339434,0.9777777778,5.863636364,5.741012025,137.7795396
2025,10,ATL,IND,michaelpenixjr,177,28,248.198357,32.64059369,7.572781035,1,6.321428571,7.60397802,247.1800689
2025,10,BAL,MIN,lamarjackson,176,29,224.442878,25.84445976,8.706948217,1,6.068965517,8.684371047,225.0263728
2025,10,BUF,MIA,joshallen,306,40,223.877803,28.7075391,7.799487884,1,7.65,7.798571735,223.9041034
2025,10,CAR,NO,bryceyoung,124,25,188.7979575,30.57824301,6.125150091,1,4.96,6.174257868,187.296328
2025,10,CHI,NYG,calebwilliams,220,36,221.8248187,31.75043782,6.930081308,1,6.111111111,6.986512122,220.0331156
2025,10,CLE,NYJ,dillongabriel,167,32,201.1973538,34.00039955,5.918457632,1,5.21875,5.917499689,201.2299242
2025,10,DEN,LV,bonix,150,28,222.8713652,33.40437071,6.662292385,1,5.357142857,6.67192228,222.5496846
2025,10,DET,WAS,jaredgoff,320,33,261.2357687,31.5569735,8.275206202,0.9428571429,9.696969697,8.278226324,261.1404628
2025,10,GB,PHI,jordanlove,176,36,249.9303185,31.12940674,8.020632673,1,4.888888889,8.028753022,249.6775368
2025,10,IND,ATL,danieljones,255,26,227.5050726,31.49207088,7.175141538,1,9.807692308,7.224201721,225.9600659
2025,10,JAX,HOU,trevorlawrence,158,23,229.1916389,33.01270976,6.918060854,1,6.869565217,6.942527305,228.383935
2025,10,LAC,PIT,justinherbert,220,33,238.335282,31.92671873,7.50878244,1,6.666666667,7.465072875,239.730785
2025,10,LAR,SF,matthewstafford,280,36,248.8964094,33.50909273,7.496065756,1,7.777777778,7.427727497,251.1863625
2025,10,LV,DEN,genosmith,143,26,213.2005205,29.79101135,7.142375772,0.962962963,5.5,7.15653853,212.7785977
2025,10,MIA,BUF,tuatagovailoa,173,21,194.1425898,28.57994938,6.817691016,1,8.238095238,6.79296479,194.8492641
2025,10,MIN,BAL,jjmccarthy,248,42,223.4862044,31.17338822,7.201614751,1,5.904761905,7.169134225,224.4987325
2025,10,NE,TB,drakemaye,270,31,215.6765719,28.79930182,7.494836687,1,8.709677419,7.488951408,215.8460638
2025,10,NYG,CHI,jaxsondart,242,29,218.9954516,31.25442426,7.013290421,0.8055555556,8.344827586,7.006862447,219.1963543
2025,10,PHI,GB,jalenhurts,183,26,225.5996338,29.30751327,7.691595275,1,7.038461538,7.697672324,225.4215306
2025,10,PIT,LAC,aaronrodgers,161,31,216.5408144,31.00905648,7.014157442,1,5.193548387,6.983147473,217.5024043
2025,10,SEA,ARI,samdarnold,178,12,267.3731579,31.41719163,8.477572499,1,14.83333333,8.510409239,266.3415198
2025,10,TB,NE,bakermayfield,273,43,239.9939023,31.55457495,7.653096127,1,6.348837209,7.605676916,241.4901953
2025,11,ARI,SF,jacobybrissett,452,57,187.3729161,32.16430837,5.827405592,1,7.929824561,5.825491844,187.4344704
2025,11,BAL,CLE,lamarjackson,193,25,223.9326853,26.19109941,8.596953198,1,7.72,8.549953627,225.1636558
2025,11,BUF,TB,joshallen,317,30,227.1236816,29.02835728,7.80223206,1,10.56666667,7.824200294,226.4859798
2025,11,CAR,ATL,bryceyoung,448,45,183.1193537,30.24139072,6.087267779,1,9.955555556,6.055255706,184.0874433
2025,11,CHI,MIN,calebwilliams,193,32,211.5697664,31.46121808,6.767925267,1,6.03125,6.724779881,212.9271728
2025,11,CIN,PIT,joeflacco,199,40,223.2752349,32.88865299,6.771506264,1,4.975,6.788822729,222.7057197
2025,11,DAL,LV,dakprescott,268,33,232.0526217,32.62179468,7.055516843,1,8.121212121,7.113422911,230.1636218
2025,11,DEN,KC,bonix,295,37,219.5175653,33.22644181,6.620482491,0.9736842105,7.972972973,6.606713007,219.9750762
2025,11,DET,PHI,jaredgoff,255,37,264.4273537,31.89538825,8.340800434,1,6.891891892,8.290457281,266.0330681
2025,11,GB,NYG,jordanlove,174,24,246.6796729,31.4322679,7.904086612,0.9230769231,7.25,7.847975644,248.4433679
2025,11,HOU,TEN,davismills,274,41,135.8659478,22.5327306,6.015704475,1,6.682926829,6.02971518,135.5502483
2025,11,JAX,LAC,trevorlawrence,153,22,224.8250062,32.42320383,6.924844719,1,6.954545455,6.934077441,224.5256518
2025,11,KC,DEN,patrickmahomes,276,45,224.6873152,31.30558721,7.166185679,1,6.133333333,7.177227302,224.3416507
2025,11,LAR,SEA,matthewstafford,130,28,252.2324257,33.69023401,7.516057928,1,4.642857143,7.48681133,253.2177504
2025,11,LV,DAL,genosmith,238,42,212.8011772,29.45590295,7.225336692,1,5.666666667,7.224398369,212.8288164
2025,11,MIA,WAS,tuatagovailoa,171,20,201.6646612,28.6010377,7.014495258,1,8.55,7.050956099,200.6218433
2025,11,MIN,CHI,jjmccarthy,150,32,221.1332649,31.30830983,7.099861549,1,4.6875,7.063085361,222.2846652
2025,11,NE,NYJ,drakemaye,281,34,218.556929,28.86305465,7.549949495,1,8.264705882,7.572203693,217.9146049
2025,11,PHI,DET,jalenhurts,135,28,225.0488828,29.23592462,7.674193617,1,4.821428571,7.697683097,224.3621461
2025,11,SEA,LAR,samdarnold,279,44,271.872282,31.18023826,8.740526624,1,6.340909091,8.719377952,272.5317026
2025,11,SF,ARI,brockpurdy,200,26,273.4843968,34.06889711,8.040435578,1,7.692307692,8.027392138,273.9287724
2025,11,TB,BUF,bakermayfield,173,28,237.2464497,32.02126066,7.457456473,1,6.178571429,7.409029027,238.7971576
2025,11,TEN,HOU,camward,194,37,206.9435317,32.07282595,6.471643351,1,5.243243243,6.45230115,207.5638908
2025,12,ARI,JAX,jacobybrissett,317,49,193.2100167,32.80468161,5.879093277,0.98,6.469387755,5.889708641,192.8617831
2025,12,ATL,NO,kirkcousins,199,23,161.0443859,22.91655116,7.025073687,1,8.652173913,7.027426805,160.9904606
2025,12,BAL,NYJ,lamarjackson,153,23,227.9190414,26.53904139,8.545033459,1,6.652173913,8.588066089,226.7769966
2025,12,BUF,HOU,joshallen,253,34,228.9061791,28.93740976,7.896356437,1,7.441176471,7.910389388,228.5001019
2025,12,CAR,SF,bryceyoung,169,29,192.662372,30.82250049,6.286086528,1,5.827586207,6.250705458,193.7529051
2025,12,CHI,PIT,calebwilliams,239,35,212.7776628,31.67906702,6.72299615,1,6.828571429,6.716664435,212.9782456
2025,12,CIN,NE,joeflacco,183,37,222.7448307,33.21456478,6.67542867,0.9736842105,4.945945946,6.706239634,221.721458
2025,12,DAL,PHI,dakprescott,354,36,231.3680987,32.54304834,7.086704113,1,9.833333333,7.109601298,230.6229545
2025,12,DET,NYG,jaredgoff,279,42,268.038135,32.20555451,8.272873151,1,6.642857143,8.32273001,266.4324672
2025,12,GB,MIN,jordanlove,139,21,241.3295559,30.72317838,7.866729405,0.9545454545,6.619047619,7.854967119,241.6909307
2025,12,HOU,BUF,davismills,153,30,142.273594,23.43462221,6.040706015,1,5.1,6.071085455,141.5616633
2025,12,IND,KC,danieljones,181,31,226.699005,31.29959948,7.272581625,1,5.838709677,7.242872391,227.6288921
2025,12,JAX,ARI,trevorlawrence,256,30,223.524609,32.2440969,6.913787025,1,8.533333333,6.932264523,222.9288188
2025,12,KC,IND,patrickmahomes,352,46,225.6123838,31.52807537,7.114260558,1,7.652173913,7.15591996,224.2989431
2025,12,LAR,TB,matthewstafford,273,35,245.4918902,33.41776127,7.393350175,1,7.8,7.346150097,247.0692111
2025,12,LV,CLE,genosmith,285,44,211.9760545,29.63307952,7.153187815,1,6.477272727,7.153358947,211.9709833
2025,12,MIN,GB,jjmccarthy,87,19,210.839194,31.40542631,6.787814373,1,4.578947368,6.713463843,213.1742041
2025,12,NE,CIN,drakemaye,294,35,222.0750918,29.38536001,7.564673777,1,8.4,7.557337794,222.2906623
2025,12,NYJ,BAL,tyrodtaylor,222,28,138.474186,21.38923155,6.463895524,1,7.928571429,6.474014072,138.2577581
2025,12,PHI,DAL,jalenhurts,289,39,224.95205,29.61101252,7.552271854,1,7.41025641,7.596905031,223.6304164
2025,12,SEA,TEN,samdarnold,244,26,275.6505046,31.79336909,8.636033611,1,9.384615385,8.670062735,274.5686041
2025,12,SF,CAR,brockpurdy,193,32,270.4778147,33.7975808,8.005418279,1,6.03125,8.002875007,270.5637711
2025,12,TEN,SEA,camward,256,42,202.9022839,31.83161693,6.375043294,1,6.095238095,6.374237424,202.9279361
2025,13,ARI,TB,jacobybrissett,301,40,194.5122419,32.9819198,5.893356376,1,7.525,5.897541533,194.3742073
2025,13,ATL,NYJ,kirkcousins,234,33,161.2888372,22.79587214,7.090008344,1,7.090909091,7.075352775,161.6229237
2025,13,BAL,CIN,lamarjackson,246,32,246.2938173,29.04544391,8.452480683,1,7.6875,8.479602446,245.5060536
2025,13,BUF,PIT,joshallen,123,23,241.1692447,30.48658905,7.867334694,1,5.347826087,7.910666699,239.8481997
2025,13,CAR,LAR,bryceyoung,206,20,197.2717913,31.9214563,6.197008457,1,10.3,6.179912014,197.8175347
2025,13,CHI,PHI,calebwilliams,154,36,217.3762315,31.71141726,6.846865493,1,4.277777778,6.854825496,217.1238085
2025,13,DAL,KC,dakprescott,320,39,233.6983473,32.61858979,7.183432998,1,8.205128205,7.164575438,234.3134543
2025,13,DEN,WAS,bonix,321,45,219.6320746,33.06192778,6.646663328,1,7.133333333,6.643051067,219.7515029
2025,13,DET,GB,jaredgoff,256,26,267.8823671,32.56259245,8.200338962,0.962962963,9.846153846,8.22669041,267.0242956
2025,13,GB,DET,jordanlove,234,30,236.736258,30.38881169,7.808355742,1,7.8,7.790244005,237.2866522
2025,13,IND,HOU,danieljones,201,27,223.0612479,30.98665366,7.207312031,1,7.444444444,7.198623327,223.3304817
2025,13,JAX,TEN,trevorlawrence,229,27,226.3633808,32.19375983,6.961606996,1,8.481481481,7.031281279,224.1203037
2025,13,KC,DAL,patrickmahomes,261,34,228.6831202,32.27082263,7.122020049,1,7.676470588,7.086374055,229.8334458
2025,13,LAC,LV,justinherbert,151,20,215.9612062,29.0702795,7.423825896,0.9523809524,7.55,7.428934635,215.8126937
2025,13,LAR,CAR,matthewstafford,243,28,244.4765241,33.16985302,7.396248054,1,8.678571429,7.370443397,245.3324608
2025,13,LV,LAC,genosmith,165,23,221.0043817,30.94383039,7.115990697,1,7.173913043,7.142114562,220.1960092
2025,13,MIA,NO,tuatagovailoa,157,23,214.7060015,30.54164795,7.047454401,1,6.826086957,7.029941601,215.2408712
2025,13,NE,NYG,drakemaye,282,31,224.8983762,29.68761321,7.582778031,1,9.096774194,7.575495364,225.1145812
2025,13,NO,MIA,tylershough,239,38,193.1825551,29.81634767,6.458826075,1,6.289473684,6.479081787,192.5786038
2025,13,NYJ,ATL,tyrodtaylor,172,33,152.3468318,23.43860536,6.499918874,1,5.212121212,6.499824943,152.3490334
2025,13,PHI,CHI,jalenhurts,230,34,223.5599789,29.54211252,7.534848797,1,6.764705882,7.567501437,222.595351
2025,13,PIT,BUF,aaronrodgers,117,21,190.7773253,27.36850348,6.955351721,0.875,5.571428571,6.970688968,190.3575678
2025,13,SEA,MIN,samdarnold,128,26,275.2383506,31.80159259,8.651595636,1,4.923076923,8.654860596,275.1345197
2025,13,SF,CLE,brockpurdy,168,29,260.9791765,33.74781446,7.73248372,0.9666666667,5.793103448,7.733217119,260.9544259
2025,13,TB,ARI,bakermayfield,194,28,209.4365908,28.45912521,7.330818327,1,6.928571429,7.359206906,208.6286766
2025,13,TEN,JAX,camward,141,38,200.4762554,31.87719762,6.339266101,1,3.710526316,6.289017552,202.0780383
2025,13,WAS,DEN,marcusmariota,294,50,167.0282404,24.18398534,6.948790591,1,5.88,6.906563912,168.0494498
2025,14,ARI,LAR,jacobybrissett,271,44,195.1139661,32.75707933,5.995008131,1,6.159090909,5.956390803,196.3789569
2025,14,ATL,SEA,kirkcousins,162,30,201.5403691,28.46739038,7.111218626,1,5.4,7.079692462,202.4378367
2025,14,BAL,PIT,lamarjackson,219,35,245.0620603,29.31860586,8.439662062,1,6.257142857,8.358585039,247.4391256
2025,14,BUF,CIN,joshallen,251,28,237.4970427,30.42861661,7.793227786,1,8.964285714,7.80505554,237.1371405
2025,14,CHI,GB,calebwilliams,186,35,223.7219432,32.8558927,6.770987902,1,5.314285714,6.809187784,222.466852
2025,14,CLE,TEN,shedeursanders,364,42,199.2590314,28.29525001,7.015943861,1,8.666666667,7.042137154,198.5178856
2025,14,DAL,DET,dakprescott,376,47,245.0590994,33.78843522,7.239825705,1,8,7.252750766,244.6223818
2025,14,DEN,LV,bonix,212,38,221.2668702,33.2828313,6.679919941,1,5.578947368,6.648078351,222.3266485
2025,14,DET,DAL,jaredgoff,309,34,263.7442739,32.10794906,8.274993607,1,9.088235294,8.214298379,265.6930732
2025,14,GB,CHI,jordanlove,234,25,237.9176932,30.39778837,7.823932865,1,9.36,7.826809314,237.8302555
2025,14,JAX,IND,trevorlawrence,244,30,225.4640905,32.05416256,7.031763769,0.9677419355,8.133333333,7.033847478,225.397299
2025,14,KC,HOU,patrickmahomes,160,33,230.4395105,32.20241923,7.157697396,1,4.848484848,7.155968898,230.4951723
2025,14,LAC,PHI,justinherbert,139,26,210.0006012,28.46930409,7.373329544,1,5.346153846,7.376386883,209.9135609
2025,14,LAR,ARI,matthewstafford,281,31,245.0900671,32.94027296,7.457920859,1,9.064516129,7.440438256,245.6659488
2025,14,MIA,NYJ,tuatagovailoa,127,21,216.2540412,30.68017307,7.055423962,1,6.047619048,7.048657801,216.4616282
2025,14,MIN,WAS,jjmccarthy,163,23,207.1028717,31.02819161,6.679551974,1,7.086956522,6.674667808,207.2544185
2025,14,NO,TB,tylershough,144,20,218.4482715,33.6162584,6.481756306,1,7.2,6.498292251,217.8923949
2025,14,PHI,LAC,jalenhurts,240,40,224.4444415,29.79222334,7.523219234,1,6,7.533658663,224.1334277
2025,14,PIT,BAL,aaronrodgers,284,34,182.7435186,26.35538963,6.920558832,1,8.352941176,6.933819653,182.3940245
2025,14,SEA,ATL,samdarnold,249,30,273.0544741,31.83106804,8.534309795,1,8.3,8.578237896,271.6561958
2025,14,TB,NO,bakermayfield,122,30,206.1410893,28.20464193,7.332327908,1,4.066666667,7.308764629,206.8056832
2025,14,TEN,CLE,camward,117,28,197.9936807,31.79716728,6.217920288,1,4.178571429,6.226771051,197.7122516
2025,15,ARI,HOU,jacobybrissett,249,40,197.9907507,33.03456452,5.98704594,1,6.225,5.993442131,197.7794554
2025,15,ATL,TB,kirkcousins,373,44,200.5396514,28.54565059,7.018889152,1,8.477272727,7.025226165,200.3587572
2025,15,BAL,CIN,lamarjackson,150,12,246.5776219,29.70729932,8.343410178,1,12.5,8.300236896,247.8601835
2025,15,BUF,NE,joshallen,193,28,235.6575693,30.22319274,7.822573584,1,6.892857143,7.79724271,236.4231492
2025,15,CAR,NO,bryceyoung,163,24,202.6123081,31.6999307,6.347989776,1,6.791666667,6.391569434,201.230836
2025,15,CHI,CLE,calebwilliams,242,28,214.8888866,32.83607739,6.575526857,1,8.642857143,6.544292243,215.9145088
2025,15,CLE,CHI,shedeursanders,177,35,212.8422823,29.60504595,7.149013163,1,5.057142857,7.189392061,211.6468632
2025,15,DAL,MIN,dakprescott,294,38,247.8493328,34.19461023,7.256127353,1,7.736842105,7.248198798,248.1204466
2025,15,DEN,GB,bonix,302,34,222.0002605,33.26524408,6.63091986,1,8.882352941,6.673639909,220.5791676
2025,15,DET,LAR,jaredgoff,338,41,270.0054214,32.50422483,8.292000914,1,8.243902439,8.306779282,269.525062
2025,15,GB,DEN,jordanlove,276,40,234.9623105,30.31876905,7.708547883,1,6.9,7.749731202,233.713683
2025,15,JAX,NYJ,trevorlawrence,330,32,224.3551126,31.81696235,7.058713417,1,10.3125,7.051430937,224.586819
2025,15,KC,LAC,patrickmahomes,189,28,225.3822937,31.90060859,7.067033867,0.8484848485,6.75,7.065140876,225.4426813
2025,15,LAC,KC,justinherbert,210,29,206.3134997,28.26575122,7.292391424,1,7.24137931,7.299063027,206.1249218
2025,15,LAR,DET,matthewstafford,368,38,248.2064285,32.91194698,7.502285186,1,9.684210526,7.541529786,246.9148123
2025,15,MIA,PIT,tuatagovailoa,253,28,215.2782307,30.70281925,7.009636559,1,9.035714286,7.011676321,215.2156043
2025,15,MIN,DAL,jjmccarthy,250,24,203.7162517,30.80500954,6.625226176,1,10.41666667,6.613088414,204.0901556
2025,15,NE,BUF,drakemaye,155,23,228.3273935,29.8238879,7.639277395,1,6.739130435,7.655856079,227.8329527
2025,15,NO,CAR,tylershough,272,32,218.0012519,33.67434131,6.512388145,0.9696969697,8.5,6.473808941,219.3003811
2025,15,NYJ,JAX,bradycook,176,33,188.4197142,26.77950184,7.05691304,1,5.333333333,7.035967858,188.9806157
2025,15,PHI,LV,jalenhurts,175,15,225.6685932,30.17639176,7.459658923,0.8333333333,11.66666667,7.478315998,225.10559
2025,15,PIT,MIA,aaronrodgers,224,27,182.8824501,26.23221244,6.960285709,1,8.296296296,6.971674636,182.5836934
2025,15,SEA,IND,samdarnold,271,36,269.2159878,31.59711873,8.515194637,1,7.527777778,8.520270155,269.055616
2025,15,SF,TEN,brockpurdy,295,30,262.1910121,33.50469469,7.796351382,1,9.833333333,7.82550071,261.2143727
2025,15,TB,ATL,bakermayfield,277,34,201.4205746,28.12351488,7.20868339,1,8.147058824,7.161998612,202.7335146
2025,15,TEN,SF,camward,170,29,197.0075648,31.87486999,6.15467989,1,5.862068966,6.180654693,196.1796213
2025,15,WAS,NYG,marcusmariota,211,19,166.6807271,23.45759058,7.05079559,1,11.10526316,7.105620102,165.3946762
2025,16,ARI,ATL,jacobybrissett,203,31,199.1672373,33.21157765,5.999581925,1,6.548387097,5.996921899,199.255581
2025,16,ATL,ARI,kirkcousins,197,35,234.4615927,33.16527842,7.085691281,1,5.628571429,7.069489655,234.9989241
2025,16,BUF,CLE,joshallen,130,19,229.9769679,30.32619816,7.638301511,1,6.842105263,7.583442101,231.6406452
2025,16,CAR,TB,bryceyoung,191,32,199.7737951,31.23765207,6.365980889,1,5.96875,6.395288438,198.8582961
2025,16,CHI,GB,calebwilliams,250,34,222.1706059,32.75320804,6.776761324,1,7.352941176,6.783170847,221.9606735
2025,16,CLE,BUF,shedeursanders,157,29,227.233529,32.60914867,6.965939988,0.9666666667,5.413793103,6.96839808,227.1533727
2025,16,DAL,LAC,dakprescott,244,30,249.9693445,34.42189272,7.276083786,0.9375,8.133333333,7.261929102,250.4565755
2025,16,DEN,JAX,bonix,352,47,223.1830185,33.28810527,6.708569809,1,7.489361702,6.70458762,223.315578
2025,16,DET,PIT,jaredgoff,364,54,272.3581497,32.71373243,8.292999811,1,6.740740741,8.325499096,271.2949768
2025,16,IND,SF,philiprivers,277,35,215.8866903,31.61596588,6.85692497,0.9722222222,7.914285714,6.828407238,216.7883059
2025,16,JAX,DEN,trevorlawrence,279,36,223.4955771,31.67436924,7.026379646,1,7.75,7.056038761,222.5561433
2025,16,LAC,DAL,justinherbert,300,29,207.7745412,28.38975869,7.293293199,1,10.34482759,7.318644144,207.054834
2025,16,LAR,SEA,matthewstafford,457,49,250.3787179,33.0750023,7.57761821,1,9.326530612,7.570028737,250.6297397
2025,16,LV,HOU,genosmith,201,23,197.168638,27.90120528,7.070069729,1,8.739130435,7.066670991,197.2634669
2025,16,NE,BAL,drakemaye,380,44,224.8067567,29.61024473,7.611874676,1,8.636363636,7.592195161,225.389472
2025,16,NO,NYJ,tylershough,308,49,222.636772,33.54600323,6.659936519,0.98,6.285714286,6.636759987,223.414252
2025,16,NYG,MIN,jaxsondart,33,13,212.2124711,30.36615662,7.003351045,1,2.538461538,6.988453421,212.6648547
2025,16,NYJ,NO,bradycook,188,35,196.2558545,28.57520102,6.857987998,1,5.371428571,6.868048079,195.9683857
2025,16,PHI,WAS,jalenhurts,185,30,217.4761929,28.71249802,7.602494694,1,6.166666667,7.574269323,218.2866139
2025,16,PIT,DET,aaronrodgers,266,41,184.829274,26.34451843,7.00904695,1,6.487804878,7.015853203,184.6499666
2025,16,SEA,LAR,samdarnold,270,34,268.0923518,31.53737897,8.484882921,1,7.941176471,8.500780994,267.5909682
2025,16,SF,IND,brockpurdy,295,34,263.9777469,33.24050928,7.892489898,1,8.676470588,7.941447127,262.3503837
2025,16,TB,CAR,bakermayfield,145,26,205.62818,28.26425436,7.24256475,1,5.576923077,7.275202714,204.7056923
2025,16,TEN,KC,camward,228,28,192.6317335,31.83285905,6.086062059,1,8.142857143,6.051348803,193.7367557
2025,17,ARI,CIN,jacobybrissett,212,37,200.5832306,33.46406395,6.0228694,1,5.72972973,5.993988982,201.5496868
2025,17,ATL,LAR,kirkcousins,126,20,235.4305084,33.42506171,7.025660582,1,6.3,7.043532498,234.8331385
2025,17,BUF,PHI,joshallen,262,35,232.6570313,30.10860689,7.764001445,1,7.485714286,7.727259923,233.7632674
2025,17,CAR,SEA,bryceyoung,54,24,197.4933521,31.21409794,6.353285962,1,2.25,6.327056205,198.3120903
2025,17,CHI,SF,calebwilliams,330,42,221.9513139,32.73949618,6.795876257,1,7.857142857,6.779313666,222.4935648
2025,17,CIN,ARI,joeburrow,305,31,240.1132754,33.32739311,7.202875572,0.8611111111,9.838709677,7.204682184,240.0530657
2025,17,CLE,PIT,shedeursanders,186,23,220.0865298,32.02118769,6.837959671,1,8.086956522,6.873153235,218.9595901
2025,17,DAL,WAS,dakprescott,307,37,248.5234123,33.63577124,7.30620905,1,8.297297297,7.388664006,245.7499762
2025,17,DEN,KC,bonix,182,38,221.5211891,33.71254223,6.599599428,1,4.789473684,6.57088355,222.4892744
2025,17,DET,MIN,jaredgoff,197,29,272.1650838,33.17385684,8.243455424,1,6.793103448,8.204203846,273.4672101
2025,17,IND,JAX,philiprivers,147,30,220.099155,31.3173777,6.991142949,0.9677419355,4.9,7.028019942,218.9442642
2025,17,JAX,IND,trevorlawrence,263,37,228.2885148,31.83160215,7.189020566,1,7.108108108,7.171756978,228.8380425
2025,17,KC,DEN,chrisoladokun,66,22,159.6346981,22.14586659,7.215416204,1,3,7.208329259,159.7916446
2025,17,LAC,HOU,justinherbert,236,32,226.7614883,30.56279428,7.392258279,1,7.375,7.419527356,225.9280691
2025,17,LAR,ATL,matthewstafford,269,38,255.2961349,33.58855816,7.634563225,1,7.078947368,7.600687524,256.4339709
2025,17,LV,NYG,genosmith,176,28,200.4075714,27.93018117,7.126251189,0.9333333333,6.285714286,7.175305098,199.0374868
2025,17,NE,NYJ,drakemaye,256,21,230.5651081,29.9971833,7.645451193,0.84,12.19047619,7.686225264,229.3420008
2025,17,NO,TEN,tylershough,333,27,228.336632,34.17044756,6.636080576,1,12.33333333,6.682283914,226.7578433
2025,17,NYG,LV,jaxsondart,207,30,199.9860655,29.95686722,6.708151334,1,6.9,6.675800378,200.9551988
2025,17,NYJ,NE,bradycook,152,33,193.8530458,29.44279801,6.634278741,0.9705882353,4.606060606,6.584056507,195.3317289
2025,17,PHI,BUF,jalenhurts,110,27,216.4545304,28.69897546,7.556706148,1,4.074074074,7.542238947,216.8697243
2025,17,PIT,CLE,aaronrodgers,168,39,207.6793193,30.61563777,6.85237395,1,4.307692308,6.783439265,209.7897987
2025,17,SEA,CAR,samdarnold,147,27,268.2099816,31.73662293,8.46787249,1,5.444444444,8.451119145,268.7416762
2025,17,SF,CHI,brockpurdy,303,33,262.8532948,33.24393586,7.927288323,1,9.181818182,7.906804294,263.5342645
2025,17,TB,MIA,bakermayfield,346,44,226.7539702,31.64082398,7.18936286,1,7.863636364,7.166500163,227.4773648
2025,17,TEN,NO,camward,251,40,196.7404125,31.92184892,6.184784829,1,6.275,6.163189763,197.4297669
2025,18,ARI,LAR,jacobybrissett,243,31,202.6469497,33.64226513,6.00174767,0.96875,7.838709677,6.023582209,201.9123863
2025,18,ATL,NO,kirkcousins,180,32,231.8159747,33.15029101,6.988555383,1,5.625,6.992879025,231.6726447
2025,18,BAL,PIT,lamarjackson,238,18,220.1197605,25.69575229,8.550755132,1,13.22222222,8.566387083,219.7180858
2025,18,CAR,TB,bryceyoung,266,35,192.8595664,30.83638934,6.214406757,1,7.6,6.254284972,191.6298663
2025,18,CHI,DET,calebwilliams,212,33,223.9290657,32.73532858,6.822729295,1,6.424242424,6.840593189,223.3442853
2025,18,CIN,CLE,joeburrow,236,39,234.4556063,32.13204795,7.308695777,1,6.051282051,7.296628173,234.8433631
2025,18,CLE,CIN,shedeursanders,111,22,221.5344503,31.76893367,6.987685248,1,5.045454545,6.973304566,221.9913092
2025,18,DEN,LAC,bonix,141,23,223.2694068,33.50719312,6.667198229,1,6.130434783,6.663327664,223.3990986
2025,18,DET,CHI,jaredgoff,331,42,275.0001891,33.45378585,8.191820381,1,7.880952381,8.220300995,274.0474048
2025,18,JAX,TEN,trevorlawrence,255,30,231.4361707,31.8799817,7.180180508,0.9375,8.5,7.259608016,228.9040232
2025,18,LAR,ARI,matthewstafford,259,40,253.6159522,33.58087927,7.610888686,1,6.475,7.552391651,255.5803341
2025,18,NE,MIA,drakemaye,191,18,224.5192841,28.81625633,7.781171681,0.8181818182,10.61111111,7.791410568,224.2242377
2025,18,NO,ATL,tylershough,259,35,234.5848466,33.77499919,6.979535786,1,7.4,6.94551746,235.7338155
2025,18,NYG,DAL,jaxsondart,230,32,211.6420944,31.49066919,6.712103265,0.9696969697,7.1875,6.720787456,211.3686235
2025,18,NYJ,BUF,bradycook,60,22,192.164807,29.81374479,6.411259988,1,2.727272727,6.445510563,191.1436691
2025,18,PIT,BAL,aaronrodgers,294,47,217.9265205,31.71797625,6.899105562,1,6.255319149,6.870757416,218.8256663
2025,18,SEA,SF,samdarnold,198,26,265.6015658,31.83115966,8.36707882,1,7.615384615,8.344074443,266.3338218
2025,18,SF,SEA,brockpurdy,127,27,264.3194889,33.10143215,7.971145009,1,4.703703704,7.985137552,263.8563156
2025,18,TB,CAR,bakermayfield,203,22,227.6296591,31.63424699,7.204122364,1,9.227272727,7.195671804,227.8969862
