cut,market,n,win_rate,roi_per_unit,n_2024,roi_2024,n_2025,roi_2025,validated_both_seasons_positive,signal,prob_edge_q,side
market_only,receptions,5712,0.5365896358543417,-0.013498930284544856,2868,-0.029113556577113918,2844,0.0022474650062737425,False,,,
market_only,rec_yards,5863,0.5125362442435614,-0.03498289081089459,3025,-0.06005123511089014,2838,-0.008262756382604779,False,,,
market_only,rush_yards,2772,0.5093795093795094,-0.03597050909443999,1433,-0.061749740716429136,1339,-0.008381533056866852,False,,,
market_only,rush_rec_yards,2626,0.5057121096725057,-0.05212718918835986,1938,-0.0669338879701173,688,-0.01041878477114186,False,,,
market_x_signal,receptions,5367,0.5407117570337246,-0.005507709676391628,2688,-0.023834619494789783,2679,0.012880768708025781,False,STRONG_EDGE,,
market_x_signal,rush_yards,2461,0.514831369362048,-0.024694441611952642,1273,-0.05804785616982357,1188,0.01104537045216325,False,STRONG_EDGE,,
market_x_signal,rec_yards,5361,0.5155754523409811,-0.02919314351580234,2759,-0.05774248740470746,2602,0.0010788164340397952,False,STRONG_EDGE,,
market_x_signal,rush_rec_yards,2481,0.5074566706972995,-0.048750865266167495,1808,-0.06707610190415932,673,0.0004794881387199115,False,STRONG_EDGE,,
market_x_signal,receptions,167,0.5149700598802395,-0.05955547470935419,83,-0.045694417096370316,84,-0.07325151973170732,False,NO_EDGE,,
market_x_signal,rec_yards,269,0.49814126394052044,-0.06220371903159835,145,-0.003508116071834209,124,-0.13083970636358064,False,NO_EDGE,,
market_x_signal,rush_rec_yards,58,0.4827586206896552,-0.09599160604250165,51,-0.0824927155523467,7,-0.19434066532791608,False,LEAN_EDGE,,
market_x_signal,rush_yards,152,0.48026315789473684,-0.1022104221650456,86,-0.06960111004600385,66,-0.14470134401713028,False,NO_EDGE,,
market_x_signal,rush_rec_yards,87,0.47126436781609193,-0.11916768888283132,79,-0.05363486266072947,8,-0.7663043478260869,False,NO_EDGE,,
market_x_signal,rec_yards,233,0.4592274678111588,-0.13677015457750522,121,-0.18045278206974216,112,-0.08957731594749929,False,LEAN_EDGE,,
market_x_signal,rush_yards,159,0.4528301886792453,-0.14717764926846078,74,-0.11630759565542174,85,-0.1740527547668712,False,LEAN_EDGE,,
market_x_signal,receptions,178,0.43258426966292135,-0.21123734649249531,97,-0.16121223136256743,81,-0.27114396584561884,False,LEAN_EDGE,,
market_x_edge_quartile,receptions,1231,0.5223395613322502,0.028495133429616057,599,0.029459408743088073,632,0.027581207934727237,True,,EDGE_Q4_HIGH,
market_x_edge_quartile,receptions,1957,0.5625958099131323,-0.0006392176483246975,972,-0.03862327496795329,985,0.03684352723967427,False,,EDGE_Q3,
market_x_edge_quartile,receptions,1427,0.54239663629993,-0.016941480855203625,734,-0.026676891547754752,693,-0.006630093483872406,False,,EDGE_Q2,
market_x_edge_quartile,rush_yards,475,0.52,-0.017561968045911012,248,-0.06780130808882562,227,0.03732506424766969,False,,EDGE_Q3,
market_x_edge_quartile,rec_yards,1242,0.5201288244766505,-0.01994185230927617,652,-0.06728006224398243,590,0.03237088138128059,False,,EDGE_Q3,
market_x_edge_quartile,rec_yards,1609,0.5208203853325046,-0.02021650161460272,839,-0.06674597314074952,770,0.030482493983367612,False,,EDGE_Q2,
market_x_edge_quartile,rush_yards,645,0.5131782945736434,-0.021424249219104616,348,-0.08713154278233581,297,0.055566114955994554,False,,EDGE_Q4_HIGH,
market_x_edge_quartile,rec_yards,1319,0.5140257771038665,-0.030557332510031895,644,-0.029663937596694823,675,-0.03140969743475645,False,,EDGE_Q4_HIGH,
market_x_edge_quartile,rush_rec_yards,531,0.5160075329566854,-0.033342079275783754,444,0.003956341999820254,87,-0.22369264302714215,False,,EDGE_Q2,
market_x_edge_quartile,rush_yards,976,0.5092213114754098,-0.0409914734569968,493,-0.04094574326517178,483,-0.041038150443683634,False,,EDGE_Q1_LOW,
market_x_edge_quartile,rush_rec_yards,1048,0.5095419847328244,-0.043402046996436516,671,-0.12290432069821025,377,0.0980993473109645,False,,EDGE_Q4_HIGH,
market_x_edge_quartile,rush_yards,676,0.4985207100591716,-0.055535499330811484,344,-0.06152507477509199,332,-0.04932943320782203,False,,EDGE_Q2,
market_x_edge_quartile,rec_yards,1693,0.49793266391021856,-0.06349878061283294,890,-0.07043251500000652,803,-0.055813819710486136,False,,EDGE_Q1_LOW,
market_x_edge_quartile,rush_rec_yards,569,0.4991212653778559,-0.06498710979742674,414,-0.07388570814100613,155,-0.041219240673285626,False,,EDGE_Q3,
market_x_edge_quartile,rush_rec_yards,478,0.49372384937238495,-0.07681661921797182,409,-0.045029360330395965,69,-0.26523674798635627,False,,EDGE_Q1_LOW,
market_x_edge_quartile,receptions,1097,0.4986326344576117,-0.07908564896903424,563,-0.07819041640385414,534,-0.08002949903307245,False,,EDGE_Q1_LOW,
market_x_side,rush_yards,1850,0.5318918918918919,0.0009180075710232498,959,-0.006399165302147727,891,0.008793617880081579,False,,,UNDER
market_x_side,receptions,792,0.5505050505050505,-0.009231900937348214,356,-0.013489839064668774,436,-0.0057552358609121645,False,,,OVER
market_x_side,receptions,4920,0.5343495934959349,-0.014185817935556995,2512,-0.03132774584241268,2408,0.003696459017109725,False,,,UNDER
market_x_side,rec_yards,4130,0.5130750605326877,-0.032823940330119726,2131,-0.06503564786929401,1999,0.001514803424747907,False,,,UNDER
market_x_side,rec_yards,1733,0.5112521638776688,-0.040127994957230566,894,-0.04817004541496321,839,-0.031558754064247255,False,,,OVER
market_x_side,rush_rec_yards,2186,0.5064043915827996,-0.0507157716520395,1557,-0.07430630879763513,629,0.007679246369729041,False,,,UNDER
market_x_side,rush_rec_yards,440,0.5022727272727273,-0.059139368130169664,381,-0.036805648525379216,59,-0.2033622015102572,False,,,OVER
market_x_side,rush_yards,922,0.4642082429501085,-0.10998759784835213,474,-0.17373539856937398,448,-0.042540147978342414,False,,,OVER
market_x_signal_x_side,receptions,635,0.5700787401574803,0.022336305792637293,275,-0.006314783189729896,360,0.044222554320834474,False,STRONG_EDGE,,OVER
market_x_signal_x_side,rec_yards,124,0.5403225806451613,0.02189633910040474,71,0.06342322710969375,53,-0.03373402030826546,False,NO_EDGE,,UNDER
market_x_signal_x_side,rush_yards,1698,0.5341578327444052,0.005686777527603219,881,-0.013609024743757189,817,0.026494123673341925,False,STRONG_EDGE,,UNDER
market_x_signal_x_side,receptions,4732,0.536770921386306,-0.009244174135992935,2413,-0.025831285464077588,2319,0.008015290993230123,False,STRONG_EDGE,,UNDER
market_x_signal_x_side,rush_rec_yards,23,0.5217391304347826,-0.02428825113135133,21,0.0686366773323295,2,-1.0,False,LEAN_EDGE,,OVER
market_x_signal_x_side,rec_yards,1472,0.5183423913043478,-0.026502723117311344,760,-0.04462359458068838,712,-0.007160219869886409,False,STRONG_EDGE,,OVER
market_x_signal_x_side,rec_yards,3889,0.5145281563383903,-0.030211476975966586,1999,-0.06273016051438955,1890,0.004182622703032105,False,STRONG_EDGE,,UNDER
market_x_signal_x_side,rush_yards,78,0.5128205128205128,-0.0395315854428678,36,0.08239654870089655,42,-0.14404141470895154,False,LEAN_EDGE,,UNDER
market_x_signal_x_side,receptions,84,0.5357142857142857,-0.04506800481108829,44,-0.09765849059843902,40,0.012781529554997489,False,NO_EDGE,,UNDER
market_x_signal_x_side,rush_rec_yards,2106,0.5075973409306742,-0.04837802478757471,1488,-0.07406262473729572,618,0.013464507130200129,False,STRONG_EDGE,,UNDER
market_x_signal_x_side,rush_rec_yards,375,0.5066666666666667,-0.050844737393944545,320,-0.03458877073007509,55,-0.14542490707463954,False,STRONG_EDGE,,OVER
market_x_signal_x_side,rush_yards,74,0.5,-0.06586987258018344,42,0.06872560764900311,32,-0.24252644038099078,False,NO_EDGE,,UNDER
market_x_signal_x_side,receptions,83,0.4939759036144578,-0.07421749243771968,39,0.012931717111091832,44,-0.15146338271962081,False,NO_EDGE,,OVER
market_x_signal_x_side,rush_rec_yards,45,0.4888888888888889,-0.08825940565071,39,0.004070808418634503,6,-0.6884057971014492,False,NO_EDGE,,UNDER
market_x_signal_x_side,rush_yards,763,0.47182175622542594,-0.09230559508372965,392,-0.15792186251259008,371,-0.022975199309839385,False,STRONG_EDGE,,OVER
market_x_signal_x_side,rec_yards,116,0.4827586206896552,-0.09553327900213891,60,-0.06897271274082867,56,-0.12399102856782848,False,LEAN_EDGE,,OVER
market_x_signal_x_side,rec_yards,145,0.46206896551724136,-0.13412376874448376,74,-0.06772602642167859,71,-0.20332704947529473,False,NO_EDGE,,OVER
market_x_signal_x_side,rush_yards,78,0.46153846153846156,-0.1366873538224789,44,-0.20164024966396507,34,-0.05263066508643801,False,NO_EDGE,,OVER
market_x_signal_x_side,rush_rec_yards,35,0.45714285714285713,-0.14311095355554326,30,-0.1882832905716201,5,0.12792306854091748,False,LEAN_EDGE,,UNDER
market_x_signal_x_side,rush_rec_yards,42,0.4523809523809524,-0.15228370663153273,40,-0.10989789196310937,2,-1.0,False,NO_EDGE,,OVER
market_x_signal_x_side,rec_yards,117,0.4358974358974359,-0.17765457822487696,61,-0.29010530927850947,56,-0.05516360332717006,False,LEAN_EDGE,,UNDER
market_x_signal_x_side,receptions,74,0.44594594594594594,-0.2072319979509964,42,-0.08500367374235569,32,-0.3676566734748374,False,LEAN_EDGE,,OVER
market_x_signal_x_side,receptions,104,0.4230769230769231,-0.21408730603163878,55,-0.21940785718163816,49,-0.20811525882245574,False,LEAN_EDGE,,UNDER
market_x_signal_x_side,rush_yards,81,0.3950617283950617,-0.250836821841254,38,-0.3045536271508812,43,-0.20336615668390906,False,LEAN_EDGE,,OVER
signal_only,,15670,0.5227823867262285,-0.023470851164887504,8528,-0.04907920885301222,7142,0.0071071486060908734,False,STRONG_EDGE,,
signal_only,,675,0.4948148148148148,-0.07789946340423017,393,-0.03695715792256655,282,-0.13495735721378263,False,NO_EDGE,,
signal_only,,628,0.45222929936305734,-0.15674594438912937,343,-0.14660718263638112,285,-0.16894803309506848,False,LEAN_EDGE,,
side_only,,13086,0.5226195934586582,-0.02403511085368334,7159,-0.04736946298202035,5927,0.004149573959335842,False,,,UNDER
side_only,,3887,0.5070748649343967,-0.052555535888015335,2105,-0.0685225341178394,1782,-0.03369440722708402,False,,,OVER
edge_quartile_only,,4243,0.5152015083667216,-0.0152089555332224,2262,-0.05050750046503697,1981,0.025096601577208996,False,,EDGE_Q4_HIGH,
edge_quartile_only,,4243,0.5368842799905728,-0.016813181664491157,2286,-0.056348132733303774,1957,0.029368166390340546,False,,EDGE_Q3,
edge_quartile_only,,4243,0.523921753476314,-0.026384748037082507,2361,-0.040232409883884906,1882,-0.009012628153819762,False,,EDGE_Q2,
edge_quartile_only,,4244,0.5002356267672008,-0.06385165282204905,2355,-0.06170250640774408,1889,-0.06653097511198457,False,,EDGE_Q1_LOW,
