market,dimension,value,n,win_rate,roi_per_unit,n_2024,roi_2024,n_2025,roi_2025,positive_in_both_seasons_min_n,bet_pool
ALL_NON_QB,home_away,HOME,7504,0.5250533049040512,-0.017992148164396742,4126,-0.04475519939331736,3378,0.014697120447363628,False,STRONG_EDGE_ONLY
ALL_NON_QB,home_away,AWAY,8166,0.52069556698506,-0.028505407534674763,4402,-0.053132108223912046,3764,0.0002955320067764922,False,STRONG_EDGE_ONLY
ALL_NON_QB,week_bucket,MID_7_12,5209,0.5292762526396622,-0.0093073391641507,2860,-0.019972501195031554,2349,0.0036779155860916304,False,STRONG_EDGE_ONLY
ALL_NON_QB,week_bucket,LATE_13_18,4872,0.5219622331691297,-0.027981805970227522,2625,-0.07116818466283696,2247,0.022469571007119958,False,STRONG_EDGE_ONLY
ALL_NON_QB,week_bucket,EARLY_1_6,5589,0.5174449812130971,-0.03273912137426692,3043,-0.05738076074293495,2546,-0.003287232686577679,False,STRONG_EDGE_ONLY
ALL_NON_QB,component_sd_q,SD_Q1_LOW,3990,0.5461152882205513,0.0008102371873433477,1996,-0.010621811340566669,1994,0.01225375216312489,False,STRONG_EDGE_ONLY
ALL_NON_QB,component_sd_q,SD_Q4_HIGH,3884,0.5185375901132853,-0.024503505060670887,2287,-0.05810344531636602,1597,0.02361362916899395,False,STRONG_EDGE_ONLY
ALL_NON_QB,component_sd_q,SD_Q2,3939,0.5173902005585174,-0.02821497876694169,2088,-0.05056326308764322,1851,-0.003005244752017443,False,STRONG_EDGE_ONLY
ALL_NON_QB,component_sd_q,SD_Q3,3857,0.5084262380088151,-0.04270434770875242,2157,-0.0736614209073663,1700,-0.003425284832628845,False,STRONG_EDGE_ONLY
ALL_NON_QB,prob_edge_q,EDGE_Q4_HIGH,4243,0.5152015083667216,-0.0152089555332224,2262,-0.05050750046503697,1981,0.025096601577208996,False,STRONG_EDGE_ONLY
ALL_NON_QB,prob_edge_q,EDGE_Q3,4243,0.5368842799905728,-0.016813181664491157,2286,-0.056348132733303774,1957,0.029368166390340546,False,STRONG_EDGE_ONLY
ALL_NON_QB,prob_edge_q,EDGE_Q2,4243,0.523921753476314,-0.026384748037082507,2361,-0.040232409883884906,1882,-0.009012628153819762,False,STRONG_EDGE_ONLY
ALL_NON_QB,prob_edge_q,EDGE_Q1_LOW,2941,0.5117307038422305,-0.04079150754931912,1619,-0.049721418086713966,1322,-0.02985540682311469,False,STRONG_EDGE_ONLY
ALL_NON_QB,side,UNDER,12425,0.5245070422535211,-0.02039950405889857,6781,-0.04570464814945142,5644,0.010003433942171392,False,STRONG_EDGE_ONLY
ALL_NON_QB,side,OVER,3245,0.5161787365177196,-0.03523093985268799,1747,-0.06217760389070306,1498,-0.0038051574265115574,False,STRONG_EDGE_ONLY
rush_yards,home_away,HOME,1173,0.5166240409207161,-0.018722167454904032,611,-0.07761707732543942,562,0.04530770786697699,False,STRONG_EDGE_ONLY
rush_yards,home_away,AWAY,1288,0.5131987577639752,-0.030133477004979058,662,-0.039986233622872965,626,-0.019714108185417134,False,STRONG_EDGE_ONLY
rush_yards,week_bucket,LATE_13_18,784,0.5229591836734694,-0.011279341600821382,391,-0.014702433988724749,393,-0.00787366953041371,False,STRONG_EDGE_ONLY
rush_yards,week_bucket,MID_7_12,806,0.5148883374689827,-0.017291733146914,428,-0.03833056725899784,378,0.006530015530260322,False,STRONG_EDGE_ONLY
rush_yards,week_bucket,EARLY_1_6,871,0.5074626865671642,-0.0436198393519619,454,-0.1139664899289492,417,0.03296860036494995,False,STRONG_EDGE_ONLY
rush_yards,component_sd_q,SD_Q2,634,0.5220820189274448,-0.011482191574622592,335,-0.07482177066512997,299,0.05948355757360473,False,STRONG_EDGE_ONLY
rush_yards,component_sd_q,SD_Q4_HIGH,939,0.5186368477103301,-0.021629719584630256,494,-0.07426877024219039,445,0.03680554114533539,False,STRONG_EDGE_ONLY
rush_yards,component_sd_q,SD_Q3,844,0.5130331753554502,-0.03202383538092639,415,-0.01947682943911336,429,-0.04416138192137489,False,STRONG_EDGE_ONLY
rush_yards,component_sd_q,SD_Q1_LOW,44,0.36363636363636365,-0.13988380902806916,29,-0.13993003498250872,15,-0.1397944388494861,False,STRONG_EDGE_ONLY
rush_yards,prob_edge_q,EDGE_Q1_LOW,665,0.5293233082706766,-0.0016096957763258473,333,-0.01679817984165809,332,0.013624536734986314,False,STRONG_EDGE_ONLY
rush_yards,prob_edge_q,EDGE_Q3,475,0.52,-0.017561968045911012,248,-0.06780130808882562,227,0.03732506424766969,False,STRONG_EDGE_ONLY
rush_yards,prob_edge_q,EDGE_Q4_HIGH,645,0.5131782945736434,-0.021424249219104616,348,-0.08713154278233581,297,0.055566114955994554,False,STRONG_EDGE_ONLY
rush_yards,prob_edge_q,EDGE_Q2,676,0.4985207100591716,-0.055535499330811484,344,-0.06152507477509199,332,-0.04932943320782203,False,STRONG_EDGE_ONLY
rush_yards,side,UNDER,1698,0.5341578327444052,0.005686777527603219,881,-0.013609024743757189,817,0.026494123673341925,False,STRONG_EDGE_ONLY
rush_yards,side,OVER,763,0.47182175622542594,-0.09230559508372965,392,-0.15792186251259008,371,-0.022975199309839385,False,STRONG_EDGE_ONLY
rec_yards,home_away,HOME,2563,0.5204838080374561,-0.020348353105306204,1335,-0.03244907408235856,1228,-0.007193253346051403,False,STRONG_EDGE_ONLY
rec_yards,home_away,AWAY,2798,0.5110793423874196,-0.037295072687389755,1424,-0.08145506239440957,1374,0.008471903544630769,False,STRONG_EDGE_ONLY
rec_yards,week_bucket,MID_7_12,1764,0.5198412698412699,-0.022247529696862767,910,-0.026365095100352974,854,-0.017859960004619094,False,STRONG_EDGE_ONLY
rec_yards,week_bucket,LATE_13_18,1722,0.5139372822299652,-0.03094646004660854,900,-0.08708564507598324,822,0.030519800934458663,False,STRONG_EDGE_ONLY
rec_yards,week_bucket,EARLY_1_6,1875,0.5130666666666667,-0.0341173310947683,949,-0.06000232417268893,926,-0.007589406223335606,False,STRONG_EDGE_ONLY
rec_yards,component_sd_q,SD_Q4_HIGH,1456,0.5192307692307693,-0.02181672070690815,783,-0.05938440850984578,673,0.0218913023981441,False,STRONG_EDGE_ONLY
rec_yards,component_sd_q,SD_Q2,1583,0.5154769425142135,-0.030891234902553893,799,-0.02961023808278528,784,-0.032196740590047665,False,STRONG_EDGE_ONLY
rec_yards,component_sd_q,SD_Q3,2287,0.5142107564494972,-0.03096553877216215,1162,-0.07831830280290579,1125,0.01794460505337036,False,STRONG_EDGE_ONLY
rec_yards,component_sd_q,SD_Q1_LOW,35,0.45714285714285713,-0.1434367147508697,15,0.12339447991621907,20,-0.34356011075118625,False,STRONG_EDGE_ONLY
rec_yards,prob_edge_q,EDGE_Q3,1242,0.5201288244766505,-0.01994185230927617,652,-0.06728006224398243,590,0.03237088138128059,False,STRONG_EDGE_ONLY
rec_yards,prob_edge_q,EDGE_Q2,1609,0.5208203853325046,-0.02021650161460272,839,-0.06674597314074952,770,0.030482493983367612,False,STRONG_EDGE_ONLY
rec_yards,prob_edge_q,EDGE_Q4_HIGH,1319,0.5140257771038665,-0.030557332510031895,644,-0.029663937596694823,675,-0.03140969743475645,False,STRONG_EDGE_ONLY
rec_yards,prob_edge_q,EDGE_Q1_LOW,1191,0.5054575986565911,-0.049456917834985306,624,-0.06464979950184462,567,-0.03273670943971157,False,STRONG_EDGE_ONLY
rec_yards,side,OVER,1472,0.5183423913043478,-0.026502723117311344,760,-0.04462359458068838,712,-0.007160219869886409,False,STRONG_EDGE_ONLY
rec_yards,side,UNDER,3889,0.5145281563383903,-0.030211476975966586,1999,-0.06273016051438955,1890,0.004182622703032105,False,STRONG_EDGE_ONLY
receptions,home_away,HOME,2583,0.5420054200542005,-0.0003099080349830696,1309,-0.01998791377067391,1274,0.019908702253886093,False,STRONG_EDGE_ONLY
receptions,home_away,AWAY,2784,0.5395114942528736,-0.01033023900101746,1379,-0.02748606096895054,1405,0.006508108681388028,False,STRONG_EDGE_ONLY
receptions,week_bucket,MID_7_12,1765,0.545042492917847,0.0061241618425830905,884,-0.010976804082137002,881,0.023283360341394173,False,STRONG_EDGE_ONLY
receptions,week_bucket,LATE_13_18,1702,0.54524089306698,-0.0059624735375417865,866,-0.06229521350954364,836,0.0523917762420678,False,STRONG_EDGE_ONLY
receptions,week_bucket,EARLY_1_6,1900,0.5326315789473685,-0.015905733433924703,938,-0.0004438246205981188,962,-0.030981898160432318,False,STRONG_EDGE_ONLY
receptions,component_sd_q,SD_Q1_LOW,3898,0.5495125705489995,0.004616234345626434,1944,-0.008542217633661085,1954,0.017707345219595185,False,STRONG_EDGE_ONLY
receptions,component_sd_q,SD_Q2,1469,0.517358747447243,-0.032371653718479054,744,-0.06379218564806152,725,-0.000127687159017853,False,STRONG_EDGE_ONLY
receptions,prob_edge_q,EDGE_Q4_HIGH,1231,0.5223395613322502,0.028495133429616057,599,0.029459408743088073,632,0.027581207934727237,True,STRONG_EDGE_ONLY
receptions,prob_edge_q,EDGE_Q3,1957,0.5625958099131323,-0.0006392176483246975,972,-0.03862327496795329,985,0.03684352723967427,False,STRONG_EDGE_ONLY
receptions,prob_edge_q,EDGE_Q2,1427,0.54239663629993,-0.016941480855203625,734,-0.026676891547754752,693,-0.006630093483872406,False,STRONG_EDGE_ONLY
receptions,prob_edge_q,EDGE_Q1_LOW,752,0.5106382978723404,-0.05214221405173437,383,-0.06420621768721177,369,-0.03962049754119821,False,STRONG_EDGE_ONLY
receptions,side,OVER,635,0.5700787401574803,0.022336305792637293,275,-0.006314783189729896,360,0.044222554320834474,False,STRONG_EDGE_ONLY
receptions,side,UNDER,4732,0.536770921386306,-0.009244174135992935,2413,-0.025831285464077588,2319,0.008015290993230123,False,STRONG_EDGE_ONLY
rush_rec_yards,home_away,AWAY,1296,0.5084876543209876,-0.0469538894965987,937,-0.05711992189700845,359,-0.020420261755139297,False,STRONG_EDGE_ONLY
rush_rec_yards,home_away,HOME,1185,0.5063291139240507,-0.050716165348328804,871,-0.0777867111655834,314,0.024374425119278686,False,STRONG_EDGE_ONLY
rush_rec_yards,week_bucket,MID_7_12,874,0.5297482837528604,-0.0069900412546242095,638,-0.011003353105029543,236,0.003859505188420716,False,STRONG_EDGE_ONLY
rush_rec_yards,week_bucket,EARLY_1_6,943,0.5047720042417816,-0.05386551427154984,702,-0.09331959455698755,241,0.06105881917399905,False,STRONG_EDGE_ONLY
rush_rec_yards,week_bucket,LATE_13_18,664,0.4819277108433735,-0.09645545287763327,468,-0.1041519179117648,196,-0.07807817922470695,False,STRONG_EDGE_ONLY
rush_rec_yards,component_sd_q,SD_Q4_HIGH,1489,0.5177971793149765,-0.02894302324809918,1010,-0.04920377730265126,479,0.013777982169641158,False,STRONG_EDGE_ONLY
rush_rec_yards,component_sd_q,SD_Q2,253,0.5177865612648221,-0.029266038503889636,210,-0.04471825620893944,43,0.04619828052077218,False,STRONG_EDGE_ONLY
rush_rec_yards,component_sd_q,SD_Q3,726,0.48484848484848486,-0.09209967614217823,580,-0.10310160831548369,146,-0.04839337024822512,False,STRONG_EDGE_ONLY
rush_rec_yards,component_sd_q,SD_Q1_LOW,13,0.38461538461538464,-0.27585096063356934,8,-0.29850131752305664,5,-0.2396103896103896,False,STRONG_EDGE_ONLY
rush_rec_yards,prob_edge_q,EDGE_Q2,531,0.5160075329566854,-0.033342079275783754,444,0.003956341999820254,87,-0.22369264302714215,False,STRONG_EDGE_ONLY
rush_rec_yards,prob_edge_q,EDGE_Q4_HIGH,1048,0.5095419847328244,-0.043402046996436516,671,-0.12290432069821025,377,0.0980993473109645,False,STRONG_EDGE_ONLY
rush_rec_yards,prob_edge_q,EDGE_Q1_LOW,333,0.5015015015015015,-0.06241213784660395,279,-0.035744536672991524,54,-0.20019474391026806,False,STRONG_EDGE_ONLY
rush_rec_yards,prob_edge_q,EDGE_Q3,569,0.4991212653778559,-0.06498710979742674,414,-0.07388570814100613,155,-0.041219240673285626,False,STRONG_EDGE_ONLY
rush_rec_yards,side,UNDER,2106,0.5075973409306742,-0.04837802478757471,1488,-0.07406262473729572,618,0.013464507130200129,False,STRONG_EDGE_ONLY
rush_rec_yards,side,OVER,375,0.5066666666666667,-0.050844737393944545,320,-0.03458877073007509,55,-0.14542490707463954,False,STRONG_EDGE_ONLY
ALL_NON_QB,home_away,HOME,7794,0.523222992045163,-0.02140230085445893,4290,-0.04504851239267282,3504,0.007548112244552933,False,LEAN_OR_STRONG
ALL_NON_QB,home_away,AWAY,8504,0.5171683913452493,-0.03520874388176242,4581,-0.06015621885575216,3923,-0.006076859391360423,False,LEAN_OR_STRONG
ALL_NON_QB,week_bucket,MID_7_12,5433,0.526044542609976,-0.0156765126452419,2995,-0.024431313226663844,2438,-0.004921538182010258,False,LEAN_OR_STRONG
ALL_NON_QB,week_bucket,LATE_13_18,5048,0.5196117274167987,-0.03216660039429437,2709,-0.07440451732163103,2339,0.01675281685929903,False,LEAN_OR_STRONG
ALL_NON_QB,week_bucket,EARLY_1_6,5817,0.5148702080110023,-0.03759277958366224,3167,-0.061288328451092645,2650,-0.00927436325794449,False,LEAN_OR_STRONG
ALL_NON_QB,component_sd_q,SD_Q1_LOW,4123,0.5425660926509823,-0.005764186949811555,2068,-0.016156493836677607,2055,0.004693862024416667,False,LEAN_OR_STRONG
ALL_NON_QB,component_sd_q,SD_Q4_HIGH,4048,0.5185276679841897,-0.02455801440319223,2383,-0.05916944360059253,1665,0.024978944021675602,False,LEAN_OR_STRONG
ALL_NON_QB,component_sd_q,SD_Q2,4093,0.5140483752748595,-0.034707664997705744,2174,-0.056501588476740215,1919,-0.010017727716089836,False,LEAN_OR_STRONG
ALL_NON_QB,component_sd_q,SD_Q3,4034,0.5047099652949926,-0.049823905031322675,2246,-0.0763966562955799,1788,-0.01644448705619865,False,LEAN_OR_STRONG
ALL_NON_QB,prob_edge_q,EDGE_Q4_HIGH,4243,0.5152015083667216,-0.0152089555332224,2262,-0.05050750046503697,1981,0.025096601577208996,False,LEAN_OR_STRONG
ALL_NON_QB,prob_edge_q,EDGE_Q3,4243,0.5368842799905728,-0.016813181664491157,2286,-0.056348132733303774,1957,0.029368166390340546,False,LEAN_OR_STRONG
ALL_NON_QB,prob_edge_q,EDGE_Q2,4243,0.523921753476314,-0.026384748037082507,2361,-0.040232409883884906,1882,-0.009012628153819762,False,LEAN_OR_STRONG
ALL_NON_QB,prob_edge_q,EDGE_Q1_LOW,3569,0.5012608573830205,-0.06119480996887666,1962,-0.06665914348963743,1607,-0.05452335858883145,False,LEAN_OR_STRONG
ALL_NON_QB,side,UNDER,12759,0.5226114899286778,-0.02387388121721165,6963,-0.049169797224806196,5796,0.0065152601148933936,False,LEAN_OR_STRONG
ALL_NON_QB,side,OVER,3539,0.510878779316191,-0.04566765763768214,1908,-0.06628116282308254,1631,-0.021553268984252354,False,LEAN_OR_STRONG
rush_yards,home_away,HOME,1245,0.5132530120481927,-0.025410242719649465,646,-0.08135600593883086,599,0.034925254842272366,False,LEAN_OR_STRONG
rush_yards,home_away,AWAY,1375,0.509090909090909,-0.038209828985263365,701,-0.04271854942396843,674,-0.033520492149162105,False,LEAN_OR_STRONG
rush_yards,week_bucket,LATE_13_18,827,0.5199516324062878,-0.017268072632445133,413,-0.01731222854937064,414,-0.01722402337232378,False,LEAN_OR_STRONG
rush_yards,week_bucket,MID_7_12,866,0.5103926096997691,-0.026442499487745463,455,-0.04583854242922285,411,-0.004969994528202385,False,LEAN_OR_STRONG
rush_yards,week_bucket,EARLY_1_6,927,0.5037756202804746,-0.05069510940375515,479,-0.11376867596346583,448,0.016742922699149804,False,LEAN_OR_STRONG
rush_yards,component_sd_q,SD_Q4_HIGH,998,0.5190380761523046,-0.02124787573427183,526,-0.0777887959777528,472,0.04176170911333621,False,LEAN_OR_STRONG
rush_yards,component_sd_q,SD_Q2,670,0.5164179104477612,-0.02201530194634364,351,-0.07869739097573653,319,0.040352764665935036,False,LEAN_OR_STRONG
rush_yards,component_sd_q,SD_Q3,908,0.5055066079295154,-0.04632571272754641,441,-0.022458097622250234,467,-0.06886450986124151,False,LEAN_OR_STRONG
rush_yards,component_sd_q,SD_Q1_LOW,44,0.36363636363636365,-0.13988380902806916,29,-0.13993003498250872,15,-0.1397944388494861,False,LEAN_OR_STRONG
rush_yards,prob_edge_q,EDGE_Q3,475,0.52,-0.017561968045911012,248,-0.06780130808882562,227,0.03732506424766969,False,LEAN_OR_STRONG
rush_yards,prob_edge_q,EDGE_Q4_HIGH,645,0.5131782945736434,-0.021424249219104616,348,-0.08713154278233581,297,0.055566114955994554,False,LEAN_OR_STRONG
rush_yards,prob_edge_q,EDGE_Q1_LOW,824,0.5145631067961165,-0.029698657675900433,407,-0.03489080089870602,417,-0.02463102628097986,False,LEAN_OR_STRONG
rush_yards,prob_edge_q,EDGE_Q2,676,0.4985207100591716,-0.055535499330811484,344,-0.06152507477509199,332,-0.04932943320782203,False,LEAN_OR_STRONG
rush_yards,side,UNDER,1776,0.5332207207207207,0.0037008359106568633,917,-0.009839994597620284,859,0.018155948339166925,False,LEAN_OR_STRONG
rush_yards,side,OVER,844,0.46445497630331756,-0.10752008485548259,430,-0.1708800184573693,414,-0.04171145816753262,False,LEAN_OR_STRONG
rec_yards,home_away,HOME,2674,0.5175766641735228,-0.025825565239220964,1394,-0.03296826378199965,1280,-0.018046720107476037,False,LEAN_OR_STRONG
rec_yards,home_away,AWAY,2920,0.5092465753424658,-0.040861070875033635,1486,-0.09097479789227401,1434,0.011069890315774713,False,LEAN_OR_STRONG
rec_yards,week_bucket,MID_7_12,1838,0.515233949945593,-0.030948771212106495,956,-0.03397058168428675,882,-0.027673430156092513,False,LEAN_OR_STRONG
rec_yards,week_bucket,LATE_13_18,1793,0.5125488008923592,-0.03362138292737395,933,-0.08917711174573097,860,0.02665012287207616,False,LEAN_OR_STRONG
rec_yards,week_bucket,EARLY_1_6,1963,0.5119714722363728,-0.03627351366690874,991,-0.06606275280633862,972,-0.005901974585452953,False,LEAN_OR_STRONG
rec_yards,component_sd_q,SD_Q4_HIGH,1530,0.5183006535947713,-0.023530640832994283,821,-0.0616821276091519,709,0.020647597027690357,False,LEAN_OR_STRONG
rec_yards,component_sd_q,SD_Q3,2379,0.5119798234552333,-0.03535751967458803,1206,-0.07955054279502687,1173,0.010078785426221199,False,LEAN_OR_STRONG
rec_yards,component_sd_q,SD_Q2,1650,0.5115151515151515,-0.03832374764131422,838,-0.04345852649266574,812,-0.03302455468881107,False,LEAN_OR_STRONG
rec_yards,component_sd_q,SD_Q1_LOW,35,0.45714285714285713,-0.1434367147508697,15,0.12339447991621907,20,-0.34356011075118625,False,LEAN_OR_STRONG
rec_yards,prob_edge_q,EDGE_Q3,1242,0.5201288244766505,-0.01994185230927617,652,-0.06728006224398243,590,0.03237088138128059,False,LEAN_OR_STRONG
rec_yards,prob_edge_q,EDGE_Q2,1609,0.5208203853325046,-0.02021650161460272,839,-0.06674597314074952,770,0.030482493983367612,False,LEAN_OR_STRONG
rec_yards,prob_edge_q,EDGE_Q4_HIGH,1319,0.5140257771038665,-0.030557332510031895,644,-0.029663937596694823,675,-0.03140969743475645,False,LEAN_OR_STRONG
rec_yards,prob_edge_q,EDGE_Q1_LOW,1424,0.4978932584269663,-0.06374342356602965,745,-0.08345806915381188,679,-0.04211247958532604,False,LEAN_OR_STRONG
rec_yards,side,OVER,1588,0.5157430730478589,-0.0315452574262786,820,-0.04640523737289379,768,-0.01567913300411135,False,LEAN_OR_STRONG
rec_yards,side,UNDER,4006,0.5122316525212182,-0.03451772831049542,2060,-0.06946311394866689,1946,0.0024748176374147697,False,LEAN_OR_STRONG
receptions,home_away,HOME,2663,0.540743522343222,-0.002679226713099619,1356,-0.019520468509430573,1307,0.014793400582864229,False,LEAN_OR_STRONG
receptions,home_away,AWAY,2882,0.5340041637751561,-0.02082766994166334,1429,-0.037253525784028074,1453,-0.004673128992771934,False,LEAN_OR_STRONG
receptions,week_bucket,MID_7_12,1831,0.5439650464227198,0.0032654523585495207,924,-0.010348524424299028,907,0.01713459739421883,False,LEAN_OR_STRONG
receptions,week_bucket,LATE_13_18,1749,0.5425957690108634,-0.010393016654063949,884,-0.06460946327580198,865,0.04501431145416311,False,LEAN_OR_STRONG
receptions,week_bucket,EARLY_1_6,1965,0.5262086513994911,-0.027970372849569654,977,-0.01333494528178376,988,-0.042442855373584665,False,LEAN_OR_STRONG
receptions,component_sd_q,SD_Q1_LOW,4031,0.5457702803274622,-0.002233814857931323,2016,-0.014293931001148497,2015,0.009832286454587696,False,LEAN_OR_STRONG
receptions,component_sd_q,SD_Q2,1514,0.5145310435931307,-0.03841190080352504,769,-0.06617487483205281,745,-0.009754549088172207,False,LEAN_OR_STRONG
receptions,prob_edge_q,EDGE_Q4_HIGH,1231,0.5223395613322502,0.028495133429616057,599,0.029459408743088073,632,0.027581207934727237,True,LEAN_OR_STRONG
receptions,prob_edge_q,EDGE_Q3,1957,0.5625958099131323,-0.0006392176483246975,972,-0.03862327496795329,985,0.03684352723967427,False,LEAN_OR_STRONG
receptions,prob_edge_q,EDGE_Q2,1427,0.54239663629993,-0.016941480855203625,734,-0.026676891547754752,693,-0.006630093483872406,False,LEAN_OR_STRONG
receptions,prob_edge_q,EDGE_Q1_LOW,930,0.4956989247311828,-0.08259268026082624,480,-0.08380951628410656,450,-0.08129472183599393,False,LEAN_OR_STRONG
receptions,side,OVER,709,0.5571227080394923,-0.0016242788011975333,317,-0.01674044061310619,392,0.010599760215065337,False,LEAN_OR_STRONG
receptions,side,UNDER,4836,0.5343258891645989,-0.013649402778910044,2468,-0.030145187994250127,2368,0.003542994987753516,False,LEAN_OR_STRONG
rush_rec_yards,home_away,HOME,1212,0.5074257425742574,-0.04866455320711894,894,-0.07636982473958194,318,0.029223851667163816,False,LEAN_OR_STRONG
rush_rec_yards,home_away,AWAY,1327,0.506405425772419,-0.050894477308815744,965,-0.059280929967568376,362,-0.028538325884240347,False,LEAN_OR_STRONG
rush_rec_yards,week_bucket,MID_7_12,898,0.5267260579064588,-0.012657561721452208,660,-0.015571717652017234,238,-0.004576288972826498,False,LEAN_OR_STRONG
rush_rec_yards,week_bucket,EARLY_1_6,962,0.5083160083160083,-0.0473140773839252,720,-0.08487293173156382,242,0.06443127439417319,False,LEAN_OR_STRONG
rush_rec_yards,week_bucket,LATE_13_18,679,0.4786450662739323,-0.10255637261653393,479,-0.11293293578044344,200,-0.07770450383897054,False,LEAN_OR_STRONG
rush_rec_yards,component_sd_q,SD_Q2,259,0.5212355212355212,-0.022851039022602417,216,-0.03659696837614459,43,0.04619828052077218,False,LEAN_OR_STRONG
rush_rec_yards,component_sd_q,SD_Q4_HIGH,1520,0.5184210526315789,-0.027765514372919478,1036,-0.04772475931351382,484,0.014957166946203925,False,LEAN_OR_STRONG
rush_rec_yards,component_sd_q,SD_Q3,747,0.48058902275769744,-0.10014771945635692,599,-0.10975778694099789,148,-0.06125291929892478,False,LEAN_OR_STRONG
rush_rec_yards,component_sd_q,SD_Q1_LOW,13,0.38461538461538464,-0.27585096063356934,8,-0.29850131752305664,5,-0.2396103896103896,False,LEAN_OR_STRONG
rush_rec_yards,prob_edge_q,EDGE_Q2,531,0.5160075329566854,-0.033342079275783754,444,0.003956341999820254,87,-0.22369264302714215,False,LEAN_OR_STRONG
rush_rec_yards,prob_edge_q,EDGE_Q4_HIGH,1048,0.5095419847328244,-0.043402046996436516,671,-0.12290432069821025,377,0.0980993473109645,False,LEAN_OR_STRONG
rush_rec_yards,prob_edge_q,EDGE_Q3,569,0.4991212653778559,-0.06498710979742674,414,-0.07388570814100613,155,-0.041219240673285626,False,LEAN_OR_STRONG
rush_rec_yards,prob_edge_q,EDGE_Q1_LOW,391,0.49872122762148335,-0.06739323543065015,330,-0.0429692552270737,61,-0.1995229644008178,False,LEAN_OR_STRONG
rush_rec_yards,side,OVER,398,0.507537688442211,-0.049310066077262,341,-0.028231778327405,57,-0.1754099980544767,False,LEAN_OR_STRONG
rush_rec_yards,side,UNDER,2141,0.5067725361980383,-0.0499266714512267,1518,-0.07631995014904126,623,0.014383115167204275,False,LEAN_OR_STRONG
